date,sin_t,cos_t,aus0052-0088,aus0052-0088_Dp_mean,aus0052-0088_Hs_mean,aus0052-0088_Hs_peak,aus0052-0088_Tp_mean
1987-09-11,-0.9417589340994617,-0.33628873017668287,30.055495170297235,84.93444,0.44675246,0.48743322,11.097374
1987-09-18,-0.9753363880767837,-0.2207236509605022,,67.41996,0.47627786,1.0429302,7.639631
1987-09-25,-0.994788305609327,-0.10196189005174576,,67.98213,0.5180271,0.74301213,7.3635383
1987-10-02,-0.999832969770105,0.018276557681691223,41.898667182682686,66.38135,0.65313274,1.2574787,6.8414598
1987-10-09,-0.9903973200352558,0.13825031091098192,,49.23099,0.6506329,1.1117808,6.3903084
1987-10-16,-0.9666180104000972,0.2562218218071163,,62.05235,1.0050383,3.0434048,8.12742
1987-10-23,-0.9288394302558068,0.3704825404820963,,62.98098,1.1181468,1.5483637,8.839665
1987-10-30,-0.8776087166898392,0.4793776594606945,,70.77018,0.9231372,2.101588,8.640044
1987-11-06,-0.8136678304455991,0.5813300798152042,,67.755325,0.8621219,1.5127205,6.5755644
1987-11-13,-0.7379428103031386,0.6748632518680403,,69.61381,0.7816575,1.1540775,7.4617543
1987-11-20,-0.6515303615068021,0.75862255966641,,81.871765,0.5550054,1.300245,7.6559725
1987-11-27,-0.5556819724760489,0.8313949395234058,,67.41798,0.7867522,1.5362514,8.7153425
1987-12-04,-0.451785789832884,0.8921264484954345,,49.13439,1.1023362,2.6355915,6.662713
1987-12-11,-0.34134651424503615,0.9399375283564133,,49.309723,0.93942225,1.6981541,6.4148703
1987-12-18,-0.22596360824801906,0.974135744004672,24.849618708005778,62.38725,0.7299651,1.1950179,7.811289
1987-12-25,-0.10730813165636247,0.9942258118156161,,67.64217,1.0338382,1.5289477,9.6342125
1988-01-01,0.017201575418260506,0.9998520419557735,12.13137434691518,67.5,1.2728902,1.5461606,10.516713
1988-01-08,0.13718540405660057,0.9905453876091833,,67.21396,1.2315493,1.5815027,9.718611
1988-01-15,0.2551824131233728,0.9668929289391521,,62.035202,1.9791505,3.2026236,10.104138
1988-01-22,0.3694836834473831,0.9292372181882051,3.732532796435976,66.70984,1.4061123,2.9296227,8.30239
1988-01-29,0.4784338202547012,0.8781236129591848,,72.241455,1.4292952,2.1508603,8.964449
1988-02-05,0.580454927809098,0.8142923779467267,,67.65749,1.2669389,2.1444755,9.565477
1988-02-12,0.6740694616546162,0.7386679638813748,,79.04506,0.8337206,1.3920895,9.607717
1988-02-19,0.7579216274973472,0.6523456189565257,8.037086823821568,79.09239,0.9723655,1.4300711,10.753585
1988-02-26,0.8307970168121247,0.5565755266413303,,65.30358,0.96383595,1.4700229,9.707563
1988-03-04,0.8916401947968874,0.45274469960737107,,66.63878,1.5549643,2.223232,9.647267
1988-03-11,0.9395699859530622,0.342356891994542,,68.49257,1.742885,2.8882036,12.675365
1988-03-18,0.9738922359149924,0.22701082094141847,,70.13856,0.63664913,0.8668293,10.90919
1988-03-25,0.9941098647022418,0.10837701279187609,,67.61226,1.188655,1.6240295,8.296487
1988-04-01,0.9999300657962057,-0.011826390691832589,,66.03475,1.1656034,1.5359093,9.701502
1988-04-08,0.9912685467787256,-0.13185851571739118,-4.148006564871281,67.66355,2.3587906,3.595325,9.0308
1988-04-15,0.9682507501166718,-0.2499809690726521,,69.3431,2.2376027,3.7909954,10.5398035
1988-04-22,0.9312100364121947,-0.3644830148102912,-5.159421668216623,68.27206,1.3055078,1.708119,10.232054
1988-04-29,0.8806828564301475,-0.47370635037968,,74.563965,1.1653748,2.245494,9.613001
1988-05-06,0.8174009818249189,-0.5760691233798758,,67.30431,1.875368,2.4508696,10.715891
1988-05-13,0.742280907086982,-0.6700888411055113,,76.05318,0.8213799,1.5716698,8.686259
1988-05-20,0.6564105761979381,-0.7544038410927472,,64.3506,0.8250371,1.4050891,8.300322
1988-05-27,0.5610336262283677,-0.8277930117131022,2.1725563609432186,80.73524,0.61847526,0.8470717,9.564187
1988-06-03,0.4575313760742512,-0.8891934772070711,,73.02972,1.2423029,3.0303082,9.57098
1988-06-10,0.3474028211842774,-0.9377159910299093,1.585490435863278,66.44341,1.64724,4.6942368,9.729525
1988-06-17,0.23224292400907015,-0.9726578145718654,,72.34115,0.7641187,1.4766293,9.490631
1988-06-24,0.11371951458594969,-0.9935128947338007,,76.708275,0.8048099,1.1540184,9.220653
1988-07-01,-0.00645086419810515,-0.9999791929590823,,66.66879,0.94843453,1.5067679,8.843577
1988-07-08,-0.12652781683868314,-0.9919630595773397,,62.151833,2.0961864,4.1555047,9.0937395
1988-07-15,-0.24477230089725957,-0.9695805901076308,,67.65616,1.393386,1.7404913,9.325506
1988-07-22,-0.3594718130884232,-0.9331559438780432,,68.4557,0.8050025,1.213352,10.291202
1988-07-29,-0.46896519100763184,-0.8832166493127127,,67.78427,0.5960275,0.97728944,8.914921
1988-08-05,-0.5716666713027052,-0.8204859638785327,,67.22036,0.8697947,1.2821193,8.799841
1988-08-12,-0.666088855860977,-0.7458723993404063,,77.662735,0.71667457,1.1047091,9.782828
1988-08-19,-0.7508642533989489,-0.6604565640279754,,59.6378,0.92101586,1.194128,7.502794
1988-08-26,-0.8247650844733614,-0.5654755126737576,,61.17059,0.91933197,1.6751416,7.287093
1988-09-02,-0.886721063082993,-0.46230483047981086,5.481545775406886,66.16805,1.1124128,1.6783742,8.081821
1988-09-09,-0.9358348973349941,-0.35243871088460327,,67.90187,0.8359446,1.4221939,9.7187605
1988-09-16,-0.97139528468375,-0.23746831555846842,,64.39227,1.5618833,3.209376,8.393486
1988-09-23,-0.9928872135356962,-0.11905873003404988,,66.471085,0.9445208,1.8978434,9.957658
1988-09-30,-0.9999994220246925,0.001075151282798226,-3.625062286230019,58.32442,1.0755206,1.7792764,7.289491
1988-10-07,-0.9926289059345095,0.12119346147073601,,51.783646,0.9571485,1.8456454,7.026463
1988-10-14,-0.9708824104813836,0.2395565591209271,,56.84908,0.9007472,1.4134879,7.8881826
1988-10-21,-0.9350748843515574,0.3544502230989869,,51.767708,0.78053266,1.3479164,6.400161
1988-10-28,-0.8857249183835637,0.4642104791518923,,66.79362,0.854694,1.2234722,7.8017187
1988-11-04,-0.8235472349556007,0.5672476988027229,,60.132034,1.1251193,1.5323159,7.46268
1988-11-11,-0.7494423368521953,0.6620696215153815,,70.39252,1.8538989,3.030247,10.141478
1988-11-18,-0.6644834655228552,0.7473029667054297,,67.58303,1.4884717,2.1728232,9.590213
1988-11-25,-0.5699010576127624,0.821713322596059,,53.008846,1.2220337,1.7751657,7.469288
1988-12-02,-0.46706492487743034,0.8842230238742036,-15.813855433933298,59.839554,0.7586389,1.0485936,8.069661
1988-12-09,-0.3574644155648614,0.9339267592294762,,57.03076,1.3383584,1.9700793,8.251813
1988-12-16,-0.2426868445825954,0.9701046827361175,,71.73661,1.5259066,2.534052,8.136098
1988-12-23,-0.12439450483979998,0.9922328391893008,,64.88717,2.273765,4.4220586,10.285445
1988-12-30,-0.004300592702981974,0.9999907524084426,,67.77295,1.9907267,3.1042871,12.157709
1989-01-06,0.10303137904317879,0.9946781061893646,-22.246197765267596,69.30233,1.4831787,2.1919098,10.580848
1989-01-13,0.22177215755648186,0.975098513039961,,66.72872,1.0939105,1.9114914,9.9191065
1989-01-20,0.3373010691361842,0.9413968285264122,,69.97282,1.0280104,1.2927362,8.738793
1989-01-27,0.44794493940789115,0.8940611451454876,,73.61479,1.1725843,1.8837842,8.758421
1989-02-03,0.5521013427459208,0.8337770129585915,,79.57597,1.0239403,1.9220828,9.639732
1989-02-10,0.6482618097757122,0.7614175109532997,,63.2149,0.84319806,1.4519827,7.783581
1989-02-17,0.7350336741329412,0.6780306024735382,,61.634212,1.8736863,2.7326145,10.323655
1989-02-24,0.8111602420785621,0.5848239578463322,-27.826457336671922,65.47917,1.5803615,2.442397,10.467272
1989-03-03,0.8755389928586302,0.4831474640149687,,67.4853,2.1455834,2.851973,10.552933
1989-03-10,0.9272375462179537,0.374473674486883,-7.67834090407564,67.80735,1.484415,2.2586536,10.4223995
1989-03-17,0.9655071658143364,0.2603764827344581,,62.21396,1.3160487,2.087979,8.537113
1989-03-24,0.9897936029670716,0.14250832791617088,,67.508286,1.1356274,1.9119698,7.6872725
1989-03-31,0.9997451236925734,0.022576263041545485,,70.328674,1.3647588,2.4548366,8.560518
1989-04-07,0.9952176027737294,-0.09768276782171598,,67.55343,2.7608707,3.5345874,10.685804
1989-04-14,0.9762766110869321,-0.21652708524481437,-0.4902480626511192,65.61938,1.4156339,1.9573313,10.14554
1989-04-21,0.9431964659565866,-0.33223549871590435,,67.78512,1.0651006,1.6158156,9.747099
1989-04-28,0.8964562582905575,-0.44313223418263453,,63.6875,2.5067215,6.3776836,10.261919
1989-05-05,0.8367329140344921,-0.5476112038402312,,70.44015,0.69899535,0.8989621,9.780359
1989-05-12,0.7648913904341226,-0.6441592666722685,,65.41768,1.1760671,1.5519377,8.039076
1989-05-19,0.6819721490904629,-0.7313781428679254,,67.20832,1.3806436,1.8740377,7.5314374
1989-05-26,0.5891760872322963,-0.8080046647350754,,67.672455,1.1417128,1.9031917,9.395937
1989-06-02,0.4878471454423119,-0.8729290708206411,,68.60889,1.5495307,2.9480815,10.274492
1989-06-09,0.37945284372454435,-0.925211078289358,,72.34755,1.3659378,2.1527297,8.894246
1989-06-16,0.26556302780405594,-0.9640935007889755,-4.784239010456474,73.48692,0.7926425,1.1290327,9.355735
1989-06-23,0.14782713347053048,-0.9890132145779883,,72.80443,1.0065981,2.4318118,10.06353
1989-06-30,0.02795029824021032,-0.999609314096404,,83.03038,1.102685,2.6938982,8.879806
1989-07-07,-0.09233133369539123,-0.9957283388645872,,66.073906,1.2587022,2.5264657,11.604969
1989-07-14,-0.2112757555821793,-0.9774264960104055,,66.6745,0.6447468,1.4167483,9.3140545
1989-07-21,-0.3271603271220951,-0.9449688462364056,,87.374016,0.4490685,0.7013793,8.701668
1989-07-28,-0.4383067230125192,-0.898825465016444,,72.42206,1.1317008,2.211328,9.474757
1989-08-04,-0.5431052396834317,-0.8396646346181327,-12.540438545923877,70.139694,0.87201893,1.5909883,10.686168
1989-08-11,-0.6400381082043503,-0.7683431655492202,,69.94974,1.0090911,1.4083192,12.777446
1989-08-18,-0.7277014757264236,-0.6858939875998223,-11.358000535968841,81.70737,0.7791635,2.1072476,11.489072
1989-08-25,-0.8048257371083452,-0.593511190196115,,65.139946,2.005176,2.9246638,11.914778
1989-09-01,-0.8702939222685674,-0.49253272872205434,,51.709007,0.6552424,1.1063257,8.495485
1989-09-08,-0.9231578729647039,-0.38442104726885545,,81.34916,0.69063395,1.0014292,8.595984
1989-09-15,-0.9626519747161487,-0.2707418984477642,,61.59156,0.92646897,1.8807961,11.03353
1989-09-22,-0.9882042449941422,-0.15314166701312007,-6.7481969500231855,55.951138,0.71737355,1.2587879,8.039149
1989-09-29,-0.9994446170919858,-0.033323525711631344,,62.64702,0.78211737,1.2809645,8.449287
1989-10-06,-0.9962102997023297,0.0869772313136861,,66.572426,0.933764,1.3859485,9.1635275
1989-10-13,-0.9785481345802031,0.20601832032517084,,37.8754,0.9820784,1.9385028,6.36345
1989-10-20,-0.9467139181463862,0.3220757010206104,,52.54681,0.8667701,1.327614,6.102034
1989-10-27,-0.9011686968561569,0.4334685453485363,,47.172718,0.88529676,1.5364256,6.1047583
1989-11-03,-0.8425720899866032,0.5385835804920232,,70.51336,1.0511277,1.8790656,9.196643
1989-11-10,-0.7717727365467837,0.6358984534680745,,66.1714,1.1841669,2.1067474,9.342368
1989-11-17,-0.6897960046655887,0.7240037789593305,,64.21167,1.148319,1.3677944,10.499576
1989-11-24,-0.5978291414589552,0.801623551065242,,67.47506,0.7754208,1.1575602,10.672931
1989-12-01,-0.4972040784469378,0.8676336233547726,,69.52734,1.1569062,1.4481223,12.302907
1989-12-08,-0.3893781415452015,0.9210779895789526,,66.7256,1.3237506,1.5890656,8.863367
1989-12-15,-0.27591294500296043,0.9611826292540837,,67.763405,1.5284046,2.4857612,9.551009
1989-12-22,-0.15845177496083632,0.9873667175937016,,71.91545,1.0235567,1.5093569,8.833166
1989-12-29,-0.03869579017652689,0.9992510374388481,,60.766743,0.96554047,2.0492878,7.8742704
1990-01-05,0.08590610426133272,0.9963032375991965,,72.85248,0.95020074,1.3302593,8.2623825
1990-01-12,0.20496611396949532,0.9787690698649216,,67.632675,1.1824366,1.5520018,9.10777
1990-01-19,0.321057654185271,0.9470596510722283,,68.63747,0.98912764,1.5099757,7.4175153
1990-01-26,0.4324994021339788,0.901634220265486,,67.68826,1.4467452,2.536078,9.829762
1990-02-02,0.5376773767406141,0.8431506618282,,69.15519,1.7789282,4.6569724,9.975024
1990-02-09,0.6350683134867438,0.7724559775191742,,67.71242,1.4773198,3.5988836,10.550278
1990-02-16,0.7232617254437388,0.6905740195722293,,68.245224,0.94108534,1.9146329,10.688215
1990-02-23,0.8009803309782905,0.5986906625177214,,67.533875,1.3254026,1.6629517,9.898842
1990-03-02,0.8670985522812081,0.4981366284784055,,65.67805,1.4009094,1.9012544,9.000192
1990-03-09,0.9206588168102428,0.3903682146763026,,63.63288,0.9243642,1.2639989,11.424125
1990-03-16,0.9608854255574977,0.27694620226893646,-1.5307618398851446,70.192,1.0546244,1.4246439,9.08322
1990-03-23,0.9871957872910085,0.15951325197263655,,72.24298,1.377403,2.5534804,8.779813
1990-03-30,0.9992088560679753,0.03977011384605572,,67.62669,1.8853343,2.5468128,9.853934
1990-04-06,0.9967506498213929,-0.08054900421874167,,66.76527,1.2199667,2.6429687,7.916586
1990-04-13,0.9798567700958665,-0.1997015525660636,,67.40714,1.4268115,1.9707966,9.169057
1990-04-20,0.9487718864399473,-0.31596187665790293,,63.72149,1.296377,2.1147003,8.324226
1990-04-27,0.9039461929224011,-0.42764620926777464,,64.43764,0.68769443,1.7118498,8.00966
1990-05-04,0.8460288880917339,-0.533137056031809,,70.28322,0.3533605,0.4855797,8.976858
1990-05-11,0.7758587728069828,-0.6309066211876704,,55.69776,0.6508602,1.229167,7.675036
1990-05-18,0.6944521021088763,-0.719538934232584,,66.46316,1.1553719,1.5353055,9.3487835
1990-05-25,0.6029878670694714,-0.7977503570459932,,73.889015,0.78107363,1.8243358,7.716768
1990-06-01,0.5027907197793043,-0.8644081744776648,-14.63975800300031,71.25671,1.019189,1.847313,8.38479
1990-06-08,0.3953117887649151,-0.9185469991587165,,77.6735,1.1007645,2.6968334,7.910206
1990-06-15,0.2821076626819194,-0.9593827529490743,,69.47688,1.5831382,2.8226702,10.751004
1990-06-22,0.16481784665719793,-0.9863240225317866,,73.96699,0.82242,1.1321198,8.79154
1990-06-29,0.04514101777397193,-0.9989806246941579,,52.849155,0.6255231,1.4349684,8.611683
1990-07-06,-0.07518957641475855,-0.9971692572470178,9.59834558453548,56.850643,0.36396632,0.87357193,7.9208655
1990-07-13,-0.19443122004766195,-0.9809161537413774,,86.28768,0.43925175,0.7378388,8.858925
1990-07-20,-0.3108569682435036,-0.9504567035349151,,69.67409,0.7309314,1.3375534,7.699846
1990-07-27,-0.4227806579826773,-0.9062320427107697,,61.168293,0.8008626,1.117127,8.116727
1990-08-03,-0.5285813283559292,-0.8488826652214553,-20.150896023908984,69.66854,1.0167812,1.858212,9.543041
1990-08-10,-0.6267266965083301,-0.7792391467859886,,67.65948,0.8010203,1.427672,12.989294
1990-08-17,-0.7157953492826642,-0.6983101158835584,,58.60748,0.5250799,1.4706715,10.375674
1990-08-24,-0.7944973291665992,-0.6072676460566135,6.375776762799518,82.035385,0.50485873,0.7582778,8.72191
1990-08-31,-0.8616928164028521,-0.5074302810827518,,88.99996,0.58166504,0.97663116,9.199713
1990-09-07,-0.9164086366943458,-0.4002439388573056,22.16680844420216,86.75951,0.44615805,0.762158,9.998675
1990-09-14,-0.9578523554276669,-0.28726097055059635,,87.07355,0.73411876,1.2873017,7.953721
1990-09-21,-0.9854237542919524,-0.17011767832049052,,78.83419,0.8312616,1.0735503,7.5873923
1990-09-28,-0.9987235240803972,-0.050510617185222886,,63.74706,0.87958735,1.3688577,8.017553
1990-10-05,-0.9975590477788613,0.06982797572987089,2.907640115610036,62.67617,0.80957913,1.2678137,9.810958
1990-10-12,-0.981947190186646,0.18915526872004093,,55.730133,1.107252,2.0236325,6.795368
1990-10-19,-0.9521140536681102,0.3057430764672831,,50.748665,0.94618344,1.8724726,8.151808
1990-10-26,-0.9084917035725082,0.41790288888678667,,73.51166,0.76435,1.538534,7.9188757
1990-11-02,-0.8517119107469189,0.5240103253675756,,62.435944,0.9167869,1.3294191,7.3814197
1990-11-09,-0.7825970017677834,0.6225286602431057,,71.97118,1.4170945,2.3083997,8.009888
1990-11-16,-0.7021479494046978,0.712031078778713,-4.789386441433237,55.603207,1.2847619,2.0649288,9.537343
1990-11-23,-0.6115298757991053,0.7912213413483807,,53.24471,0.88610893,1.6867963,9.597036
1990-11-30,-0.5120551783114646,0.8589525565270845,,63.78804,0.81262815,1.1792308,9.503301
1990-12-07,-0.4051645224207563,0.9142437912130223,,61.39069,0.9185148,1.303947,11.271294
1990-12-14,-0.29240597695107734,0.9562942772197719,-0.3118687098426278,63.173275,1.2189939,1.7299232,6.6267524
1990-12-21,-0.17541259380427843,0.9844950085880858,,67.45883,1.1334586,1.5810708,8.40341
1990-12-28,-0.05587875690537313,0.9984375616565666,,62.242344,1.0317495,1.9534165,7.161542
1991-01-04,0.06875540848113941,0.9976335468520451,,61.75751,1.1382614,1.6870171,8.543301
1991-01-11,0.18809941761179758,0.9821499931752291,-1.5909933734479864,60.552338,1.142275,2.4379385,6.9049435
1991-01-18,0.3047192331091634,0.9524422234305676,,69.173546,1.0070746,1.4825014,8.419788
1991-01-25,0.4169258813287287,0.908940487313808,,62.991653,0.87002116,1.4264126,7.249308
1991-02-01,0.5230943033491326,0.8522748088519838,,67.82874,1.1149704,1.7861547,9.2302685
1991-02-08,0.6216868902665479,0.7832658619336791,,56.65767,1.3658594,3.3253415,7.6302075
1991-02-15,0.7112757519738152,0.7029130847082615,,67.805466,1.0646429,1.2750747,8.164926
1991-02-22,0.7905633969115482,0.612380204990065,,70.27108,0.98634374,1.5196669,9.832842
1991-03-01,0.8584015232918917,0.512978386299228,,71.19212,1.3394263,1.7828705,8.651714
1991-03-08,0.9138076496466615,0.4061472386305789,,75.649864,1.2256402,1.9727945,7.5851703
1991-03-15,0.9559793438440766,0.2934339689665273,,65.31307,1.3774241,2.1605065,9.105479
1991-03-22,0.984305844499033,0.17647097349152166,,67.6037,1.2569021,1.8181583,10.172444
1991-03-29,0.998376906467142,0.056952196034039754,,67.44824,0.7710388,1.4106947,10.6922655
1991-04-05,0.9979887423155984,-0.06339140486951038,,77.379166,0.5284158,0.8820372,7.1536965
1991-04-12,0.9831469737221499,-0.1828169249850199,,72.23164,0.9119694,1.3631287,8.351657
1991-04-19,0.9540665500578387,-0.2995947563972602,20.59534889686833,67.53229,0.6739803,0.9751927,10.820593
1991-04-26,0.9111686353326631,-0.41203363695942635,,62.594303,0.78039986,1.8417149,10.801621
1991-05-03,0.8550745085896932,-0.518505144391157,,86.251625,0.6017142,0.80039054,9.85863
1991-05-10,0.7865965660866021,-0.6174672802835514,,83.50038,0.5598857,0.8021032,10.629965
1991-05-17,0.7067265555776159,-0.7074868024503348,,70.23742,1.1334292,1.4258274,12.669287
1991-05-24,0.6166212130956382,-0.7872599821916922,,64.693886,1.1901387,1.5403918,7.337757
1991-05-31,0.5175855102531889,-0.8556314858488706,,70.30116,0.9179068,1.3715271,7.993482
1991-06-07,0.4110537546870351,-0.9116111071930239,32.9956195645529,65.66673,1.2901602,2.7200484,8.223876
1991-06-14,0.2985688173637202,-0.9543881083175908,,72.34989,1.6557143,4.0635424,9.401395
1991-06-21,0.18175978759137534,-0.9833429613388902,17.79244537104222,88.35182,0.44338635,0.7336826,9.078298
1991-06-28,0.062318379354325076,-0.998056320853012,,72.4051,0.34450215,0.74190295,8.446136
1991-07-05,-0.05802556932878035,-0.9983150972033183,,81.25632,0.6151013,0.87115407,7.6164665
1991-07-12,-0.17752914918703497,-0.984115542601034,,72.36637,0.8758358,1.3947783,9.164302
1991-07-19,-0.2944616217868012,-0.9556633054034704,23.196349743894217,81.117805,0.7099027,1.020607,10.623776
1991-07-26,-0.4071294853542516,-0.9133704517637858,34.465293506078496,73.21427,0.51598346,0.93971777,10.839125
1991-08-02,-0.5139010013093103,-0.8578494977869301,,77.146576,0.36708423,0.50540495,10.383721
1991-08-09,-0.6132298262997502,-0.7899045386224707,,47.67526,0.60843354,1.5639576,7.2037745
1991-08-16,-0.7036774074790128,-0.7105196029692745,,72.05134,0.7855439,1.0324262,10.504142
1991-08-23,-0.7839338166829201,-0.620844401650647,20.14570903965702,55.065475,0.7314358,1.3341036,9.563008
1991-08-30,-0.8528367217694595,-0.522177676659508,,55.014107,0.77290344,1.8543683,7.9874325
1991-09-06,-0.9093882203647925,-0.4159483918249421,27.110836163988694,67.98294,0.6461789,0.8192148,10.990947
1991-09-13,-0.9527692922168511,-0.30369503751065885,,54.952003,0.8539574,2.204304,9.389592
1991-09-20,-0.9823516608469237,-0.18704334906991657,10.174049685256165,38.91139,0.8192808,2.0954485,7.3415184
1991-09-27,-0.9977068927101168,-0.06768276175455162,17.839457476096328,50.96119,0.73166555,1.219764,6.1378546
1991-10-04,-0.9986126020839734,0.052658056924614005,,62.731926,0.50560397,0.75804645,6.2692623
1991-10-11,-0.9850556718215013,0.172236243027682,,65.013954,0.66646314,1.0009023,5.4866066
1991-10-18,-0.957232443323312,0.2893199776186952,,72.922745,0.7768827,1.6628597,7.128078
1991-10-25,-0.9155458729775467,0.40221356823680365,,70.834854,0.9809424,1.6263779,8.017321
1991-11-01,-0.8605996962501181,0.5092820071573356,,78.78366,0.70731723,1.2098666,7.3957214
1991-11-08,-0.7931896839451843,0.6089746507720486,,47.747726,0.71827364,1.4314419,6.2344737
1991-11-15,-0.7142921172691032,0.699847677146407,,72.87738,0.600228,0.7941814,5.7805414
1991-11-22,-0.6250496486104377,0.7805849965070866,,78.47195,0.7076085,1.3833028,6.8226485
1991-11-29,-0.5267547528105542,0.8500173118187018,,65.85236,0.9801513,1.4407357,6.7331457
1991-12-06,-0.42083100859565564,0.9071390534005044,,70.57277,0.77078193,1.4768162,6.4621544
1991-12-13,-0.30881248126625377,0.9511229423235357,,61.60063,1.4352766,4.4687896,7.3416247
1991-12-20,-0.19232150523909483,0.9813319716704275,,60.38803,1.4151474,1.9060262,12.282421
1991-12-27,-0.07304518821104743,0.9973286321364752,13.687137747939659,69.85339,0.7648139,1.5195814,7.75747
1992-01-03,0.051584366869408364,0.9986686402879997,,68.02452,1.0437701,1.411971,8.512287
1992-01-10,0.17117705961019986,0.985240282501282,,67.121994,1.2174848,2.2494652,8.640983
1992-01-17,0.2882906407095177,0.9575429528116719,,65.427605,1.7559665,2.6504252,10.791493
1992-01-24,0.4012289854475009,0.9159777842484877,,63.03842,1.0771734,1.7015743,7.1453485
1992-01-31,0.5083564379375122,0.8611467540480452,,74.8479,0.8031367,1.3174251,10.080941
1992-02-07,0.6081214998935418,0.7938439653781019,,69.195694,0.69299597,1.0186021,7.488801
1992-02-14,0.6990793005655562,0.7150441465537444,,59.90888,1.1449149,1.6843116,7.4098496
1992-02-21,0.7799125224167177,0.6258885343075018,,66.24215,1.3139749,4.9377713,9.668483
1992-02-28,0.8494504794814806,0.527668345562516,,62.073544,1.3352964,1.8563399,7.823123
1992-03-06,0.9066860720977985,0.4218060770826634,,67.292465,1.6059657,2.4262426,9.185468
1992-03-13,0.9507903724625832,0.3098349038318025,,64.793816,1.8279655,2.676758,10.720471
1992-03-20,0.981124629771712,0.19337647441020586,,60.00201,1.5836701,2.4422123,9.595485
1992-03-27,0.9972495210773451,0.07411742515094437,,68.35726,1.0739181,1.5061818,10.841948
1992-04-03,0.9989315138848577,-0.046215046983708354,,67.45013,1.2890058,2.2348454,8.898529
1992-04-10,0.986146248341595,-0.16587819893463143,,59.23182,1.7248205,2.2846131,9.66508
1992-04-17,0.9590788900341131,-0.28313898122818354,,74.71214,1.0085888,1.3107569,8.242665
1992-04-24,0.9181214482844365,-0.39629913726891813,,72.83146,1.132466,1.6401223,9.172748
1992-05-01,0.8638670987837349,-0.503719798736334,,70.04776,1.0113779,2.3432322,8.196481
1992-05-08,0.7971015927871943,-0.6038452208771035,1.281112542677164,67.705284,0.6860471,0.894491,8.201239
1992-05-15,0.7187918772884232,-0.6952253139408723,,63.879402,0.9423545,1.4810785,7.347101
1992-05-22,0.6300720909843687,-0.7765366444428655,,74.5296,0.5136741,0.6626421,9.185705
1992-05-29,0.5322271388474397,-0.8466016020976267,,85.123955,0.5684797,0.82969296,8.530184
1992-06-05,0.42667408318992467,-0.9044054548343001,-6.576039818055165,72.73885,1.4066341,1.8546855,8.849099
1992-06-12,0.31494162072895193,-0.9491110448902284,,67.6381,0.6920394,1.2047584,9.579801
1992-06-19,0.19864794288017112,-0.9800709131432666,,70.48923,0.63126564,1.1449444,10.660748
1992-06-26,0.07947729992362097,-0.9968366760893436,-4.171038204525672,86.31608,0.66884935,1.2461485,9.354146
1992-07-03,-0.04084439154329611,-0.9991655196610109,,76.050026,0.79324394,1.2025925,9.646025
1992-07-10,-0.16057454459499376,-0.9870237158387383,0.8035819501156993,76.715126,0.55316377,0.8184056,8.161778
1992-07-17,-0.2779791393987801,-0.9605871111248129,,77.97504,0.82124764,1.9195647,10.305922
1992-07-24,-0.3913578365610259,-0.9202385798054075,6.19965468794129,81.809364,0.82922727,1.8750458,9.073975
1992-07-31,-0.4990686026885319,-0.8665624788845385,,59.21754,0.61508644,0.9404779,8.29246
1992-08-07,-0.5995514915196489,-0.8003361849976323,,64.7786,0.90860504,1.8474604,8.4430895
1992-08-14,-0.6913512362094071,-0.722518835873311,,64.69766,0.6659794,1.2395002,8.737751
1992-08-21,-0.7731383255706027,-0.6342374393978054,,64.96152,0.5857563,1.4169946,8.184041
1992-08-28,-0.8437282590292712,-0.5367705514607103,,76.09409,0.53167695,0.7604187,9.514739
1992-09-04,-0.9020987014301837,-0.4315297589714715,,27.867403,0.4638873,1.145589,6.6041436
1992-09-11,-0.9474042892438845,-0.32003923622313857,16.818706135092413,61.071865,0.51943886,1.0128452,7.586211
1992-09-18,-0.9789888737409319,-0.20391367068311472,,51.8878,0.5934547,1.3823385,7.77595
1992-09-25,-0.9963950238187231,-0.08483487790576538,7.099718599257358,57.492878,0.85971415,1.7496908,7.4983854
1992-10-02,-0.9993706508539969,0.03547255575312556,,77.14535,0.6210574,1.2409317,9.090471
1992-10-09,-0.9878726596350429,0.15526624985999563,,73.39028,0.60977674,1.2897241,7.457517
1992-10-16,-0.9620675724981452,0.27281126433401914,23.199846134729796,67.8225,0.9637486,1.4486738,10.719182
1992-10-23,-0.9223291176290545,0.3864052261209853,,69.91886,1.0130535,1.8211541,11.0175905
1992-10-30,-0.8692328164574792,0.4944029842076182,,77.45998,0.7611901,1.2271166,9.152364
1992-11-06,-0.8035476485339116,0.5952404359043674,,53.935436,1.066444,1.6738456,6.416988
1992-11-13,-0.7262249146041543,0.6874571793269664,,60.917725,0.79066646,1.1835672,8.115544
1992-11-20,-0.6383844591746642,0.769717664006921,,60.2866,0.7810499,1.2420579,7.531797
1992-11-27,-0.5412984521036173,0.8408305333122887,19.89778257551012,57.84596,0.9516541,1.7287133,6.8582373
1992-12-04,-0.4363729641045924,0.8997658785476209,,63.809315,0.77543086,1.2015153,7.55704
1992-12-11,-0.3251276029999093,0.9456701548465688,,55.308014,0.903597,1.3480183,7.541927
1992-12-18,-0.20917350564635637,0.9778785428342386,,72.456116,1.0583013,1.578222,10.053483
1992-12-25,-0.09019000427034513,0.9959245770286599,,67.110214,1.2108251,1.6781652,7.4231696
1993-01-01,0.017201575418260506,0.9998520419557735,,67.4706,1.0668215,1.4827912,8.555784
1993-01-08,0.13718540405660057,0.9905453876091833,,67.5,1.1621931,1.7869233,11.475074
1993-01-15,0.2551824131233728,0.9668929289391521,26.91490455172209,59.236027,0.8614216,1.1368201,9.536485
1993-01-22,0.3694836834473831,0.9292372181882051,,61.487312,0.8822358,1.4015766,9.456884
1993-01-29,0.4784338202547012,0.8781236129591848,,64.31388,0.9144932,1.4998778,7.3058085
1993-02-05,0.580454927809098,0.8142923779467267,,63.9044,0.7705919,1.0132502,6.836913
1993-02-12,0.6740694616546162,0.7386679638813748,,69.10826,1.190964,1.580066,8.82739
1993-02-19,0.7579216274973472,0.6523456189565257,,74.711334,1.1630956,1.7945604,10.101133
1993-02-26,0.8307970168121247,0.5565755266413303,,65.85783,1.0760404,1.4564112,11.942301
1993-03-05,0.8916401947968874,0.45274469960737107,,59.064163,1.1263965,1.5754358,9.913028
1993-03-12,0.9395699859530622,0.342356891994542,,72.517334,0.9538815,1.4585776,7.607946
1993-03-19,0.9738922359149924,0.22701082094141847,,65.33964,2.4829116,4.4768543,10.464437
1993-03-26,0.9941098647022418,0.10837701279187609,,67.62494,1.2662202,2.0951736,9.405141
1993-04-02,0.9999300657962057,-0.011826390691832589,,71.611534,0.64846295,1.1916678,8.086786
1993-04-09,0.9912685467787256,-0.13185851571739118,4.51958003095541,65.81436,0.75202954,1.0854015,8.608919
1993-04-16,0.9682507501166718,-0.2499809690726521,,68.69327,0.97989666,1.3491812,9.286186
1993-04-23,0.9312100364121947,-0.3644830148102912,,70.440636,0.9513543,1.2268001,7.55691
1993-04-30,0.8806828564301475,-0.47370635037968,,77.03733,0.725408,1.1448152,7.501186
1993-05-07,0.8174009818249189,-0.5760691233798758,7.50010547142756,86.60121,0.65656215,1.0688726,10.083743
1993-05-14,0.742280907086982,-0.6700888411055113,,69.92875,0.7529349,1.0057775,10.013047
1993-05-21,0.6564105761979381,-0.7544038410927472,,87.7814,0.7173477,0.9298871,9.87163
1993-05-28,0.5610336262283677,-0.8277930117131022,14.347757401613165,68.0264,0.89547884,1.3786086,8.35996
1993-06-04,0.4575313760742512,-0.8891934772070711,,66.49762,0.9902885,1.4487695,7.3404207
1993-06-11,0.3474028211842774,-0.9377159910299093,6.097048952488848,66.52532,0.70608944,0.90914524,8.8473625
1993-06-18,0.23224292400907015,-0.9726578145718654,,73.24144,0.56921756,0.8047629,12.128405
1993-06-25,0.11371951458594969,-0.9935128947338007,16.896629300054286,67.63649,0.4901668,0.700971,10.096944
1993-07-02,-0.00645086419810515,-0.9999791929590823,,77.87805,0.8006118,1.017529,10.424345
1993-07-09,-0.12652781683868314,-0.9919630595773397,,67.92763,1.3026571,2.1899881,9.496611
1993-07-16,-0.24477230089725957,-0.9695805901076308,,67.805016,1.7359644,2.3257725,10.329994
1993-07-23,-0.3594718130884232,-0.9331559438780432,,67.76117,0.84088546,1.0479953,9.005376
1993-07-30,-0.46896519100763184,-0.8832166493127127,,68.89406,1.1706175,2.0764604,8.251168
1993-08-06,-0.5716666713027052,-0.8204859638785327,,72.71709,0.96034086,1.348027,10.343917
1993-08-13,-0.666088855860977,-0.7458723993404063,8.73124856196344,83.80919,0.7908856,1.3500111,9.733435
1993-08-20,-0.7508642533989489,-0.6604565640279754,,81.970764,0.6220126,1.2576581,8.91517
1993-08-27,-0.8247650844733614,-0.5654755126737576,,62.43185,0.66376704,1.4061239,9.9971075
1993-09-03,-0.886721063082993,-0.46230483047981086,,65.28606,1.2767934,1.8387791,8.180944
1993-09-10,-0.9358348973349941,-0.35243871088460327,,68.919716,0.74960244,1.329104,9.365532
1993-09-17,-0.97139528468375,-0.23746831555846842,18.958200295380976,62.968853,1.0110672,2.2609553,7.9080935
1993-09-24,-0.9928872135356962,-0.11905873003404988,,64.15304,0.62976515,1.1800544,9.401104
1993-10-01,-0.9999994220246925,0.001075151282798226,,83.11211,0.7741233,1.3554474,8.699675
1993-10-08,-0.9926289059345095,0.12119346147073601,,57.836227,1.0344214,1.9627103,7.317075
1993-10-15,-0.9708824104813836,0.2395565591209271,,65.093735,0.9512086,1.505758,8.533713
1993-10-22,-0.9350748843515574,0.3544502230989869,,51.903557,0.86337173,1.8034848,6.342785
1993-10-29,-0.8857249183835637,0.4642104791518923,,61.304867,0.9814456,1.5409899,7.5799737
1993-11-05,-0.8235472349556007,0.5672476988027229,,70.43848,1.1243358,1.608744,7.989678
1993-11-12,-0.7494423368521953,0.6620696215153815,,76.08815,0.6741063,1.0294597,7.527255
1993-11-19,-0.6644834655228552,0.7473029667054297,,57.60667,0.7141094,1.410501,6.3939157
1993-11-26,-0.5699010576127624,0.821713322596059,,74.9807,0.8301366,1.3218616,6.3846703
1993-12-03,-0.46706492487743034,0.8842230238742036,6.087634188934061,62.265926,0.8132329,1.0219193,7.567811
1993-12-10,-0.3574644155648614,0.9339267592294762,,67.24254,1.4794608,2.5665765,7.2976174
1993-12-17,-0.2426868445825954,0.9701046827361175,,67.58928,1.2951295,1.7068986,9.356257
1993-12-24,-0.12439450483979998,0.9922328391893008,,52.44866,0.8016421,1.2842994,7.695443
1993-12-31,-0.004300592702981974,0.9999907524084426,,46.12761,0.7443379,1.4506968,7.2153473
1994-01-07,0.1201261651823505,0.9927586335250793,17.86599172510188,42.118988,1.4913665,2.0626981,8.377465
1994-01-14,0.23851257519407648,0.9711394088771653,,67.10624,1.3245198,1.8773557,9.227651
1994-01-21,0.3534446712740877,0.9354554315134164,0.7277230704772819,52.509907,1.5096607,2.7716405,8.692067
1994-01-28,0.4632579225674917,0.88622350294858,,64.90206,1.3425939,1.9734962,9.595279
1994-02-04,0.5663619330814524,0.8241566360566663,,67.9037,1.2722144,1.9350474,10.759795
1994-02-11,0.6612634749656386,0.7501537286959042,,70.56974,1.1578242,1.7479594,8.180501
1994-02-18,0.746588114532413,0.6652865452111116,,67.984985,1.5376612,2.1376846,10.598319
1994-02-25,0.8211001178128892,0.5707841943569036,,78.13742,0.83524394,1.0427214,7.6586
1994-03-04,0.8837203473619977,0.4680153284438345,,68.127174,1.5577357,2.020355,11.506752
1994-03-11,0.9335418911179212,0.35846832151248087,,72.23033,1.1593323,1.7601509,8.099428
1994-03-18,0.969843196967294,0.24372971360968387,,84.91795,0.59172523,0.7792894,9.425911
1994-03-25,0.992098522791769,0.12546123335273648,,76.675674,1.2597295,2.2690907,7.9173136
1994-04-01,0.9999855506507186,0.005375731557583884,,66.64395,1.9936739,2.4451282,11.266812
1994-04-08,0.9933900548258936,-0.11478762552212701,,68.58167,1.0489489,1.2795348,8.354498
1994-04-15,0.9724075561219968,-0.23328854407545518,,75.879585,0.72014076,1.2195086,8.128466
1994-04-22,0.9373419384643772,-0.3484108069446808,,69.83259,0.92939466,1.0988253,9.050839
1994-04-29,0.8887010478292915,-0.45848712914008766,,66.84738,1.15677,1.6103696,8.463896
1994-05-06,0.8271893372462497,-0.5619233046832195,,67.532234,1.3834443,1.6794004,9.402938
1994-05-13,0.753697664392914,-0.6572212950663319,6.708216489006105,67.86112,0.8582648,1.0237873,11.126228
1994-05-20,0.6692903895412567,-0.7430009249440493,,57.96339,0.45069337,0.6155667,8.05189
1994-05-27,0.5751899607119775,-0.8180198708443175,,34.050144,0.48365003,1.1371392,6.370764
1994-06-03,0.47275920928627757,-0.881191653407483,,61.87783,0.908397,1.3498416,7.5449166
1994-06-10,0.36348161248290634,-0.9316013725767187,22.738085077710963,69.9482,1.2862436,2.0118446,12.2079525
1994-06-17,0.24893980855376657,-0.9685189578512204,,76.38996,0.41144162,0.5802444,9.213618
1994-06-24,0.13079267585675922,-0.9914097417023038,,55.50729,0.5615406,0.9515307,7.8085275
1994-07-01,0.01075130776352193,-0.9999422030204416,,78.30773,0.80065435,1.3547151,8.268737
1994-07-08,-0.10944576864891556,-0.993992768446958,,74.57843,0.7752811,1.1991229,7.4067965
1994-07-15,-0.2280577712215198,-0.9736476020539838,22.16122368778332,76.65261,0.99184537,1.5917006,8.340416
1994-07-22,-0.34336687399638804,-0.939201357453208,,75.83419,0.66842544,0.9600096,9.970004
1994-07-29,-0.45370308603134424,-0.8911529104063088,30.88877506697017,71.00523,0.6819832,1.06153,10.878139
1994-08-05,-0.5574684374327892,-0.8301981337405212,,62.183002,0.63473266,1.7342558,9.527232
1994-08-12,-0.65316012232693,-0.7572198192083127,,72.197174,0.7678186,0.944129,12.002419
1994-08-19,-0.7393922635959241,-0.673274892250183,21.974646560151058,65.413666,1.0071192,1.4276658,9.946509
1994-08-26,-0.8149159841660791,-0.5795791048257612,,67.54236,0.7329879,1.0334437,8.509697
1994-09-02,-0.8786374941610001,-0.4774894280028391,,67.80833,0.81214416,1.0340675,8.965288
1994-09-09,-0.9296339319682695,-0.3684843993077793,,59.77891,0.6985891,1.222254,9.6834
1994-09-16,-0.9671667297977312,-0.2541427094613622,22.886522459272896,58.766403,0.6886811,1.2753226,6.097825
1994-09-23,-0.9906923101615609,-0.13612033862266704,,73.52642,0.6603754,1.2931324,8.317904
1994-09-30,-0.9998699583618592,-0.016126573270657762,23.849183141031375,45.91454,0.78673375,1.6317503,7.0513144
1994-10-07,-0.9945667569706337,0.1041007489354256,,29.357079,0.89903766,1.6774803,6.419256
1994-10-14,-0.9748595108374125,0.22282040779479959,,72.71629,0.5271759,0.92917234,7.004557
1994-10-21,-0.9410336347451197,0.3383130181923075,29.007036229231574,64.96825,0.57832783,1.7092168,7.701728
1994-10-28,-0.8935790198239952,0.4489059314938798,,68.179825,0.9337151,1.7701211,7.8072233
1994-11-04,-0.8331829385891785,0.5529974600700271,18.31931219394869,50.88929,1.0322502,2.0277045,6.791959
1994-11-11,-0.7607200913564104,0.6490800741100398,,44.0967,0.815168,1.2188927,8.524182
1994-11-18,-0.6772399381909491,0.7357622347736525,,67.48806,1.264069,1.8040996,7.851116
1994-11-25,-0.5839514998576998,0.8117885474764613,,63.594284,1.2124481,1.7599349,7.4485574
1994-12-02,-0.4822058478963526,0.8760579434344281,,67.62199,1.4619119,1.9058945,9.778251
1994-12-09,-0.37347653741307074,0.9276396261490467,,68.26519,1.3006036,1.998224,8.806605
1994-12-16,-0.2593382659754056,0.9657865518844574,,69.691536,0.96963245,1.3068517,8.14517
1994-12-23,-0.14144406768794202,0.9899462489023779,,63.329346,1.4618375,1.8654797,9.75364
1994-12-30,-0.021501372740813793,0.999768818762748,,74.367744,0.69266367,1.4449061,8.052412
1995-01-06,0.10303137904317879,0.9946781061893646,,68.61686,1.2855422,1.8340924,8.622948
1995-01-13,0.22177215755648186,0.975098513039961,,68.63417,1.2381526,1.5419617,9.461176
1995-01-20,0.3373010691361842,0.9413968285264122,16.95259744562412,69.722336,1.3065431,2.3795261,9.386485
1995-01-27,0.44794493940789115,0.8940611451454876,,72.020584,1.0753374,1.7662636,9.562386
1995-02-03,0.5521013427459208,0.8337770129585915,,72.5609,0.84119153,1.617006,9.240891
1995-02-10,0.6482618097757122,0.7614175109532997,41.64226777426046,68.03749,0.88438654,1.3050374,6.9699054
1995-02-17,0.7350336741329412,0.6780306024735382,,64.193,2.5102475,4.941763,9.419015
1995-02-24,0.8111602420785621,0.5848239578463322,-1.2353779176809496,79.294876,0.9178529,1.241836,8.672913
1995-03-03,0.8755389928586302,0.4831474640149687,,74.4359,0.9008749,1.241,7.8511143
1995-03-10,0.9272375462179537,0.374473674486883,,72.52147,1.7271142,4.3576307,10.422064
1995-03-17,0.9655071658143364,0.2603764827344581,,80.79419,0.8683501,1.3332295,9.56493
1995-03-24,0.9897936029670716,0.14250832791617088,,59.33972,0.75699854,1.1610717,5.7574906
1995-03-31,0.9997451236925734,0.022576263041545485,,68.38489,0.71221757,1.023387,8.830431
1995-04-07,0.9952176027737294,-0.09768276782171598,,68.08262,0.71681494,0.9287976,10.653817
1995-04-14,0.9762766110869321,-0.21652708524481437,13.384275395394042,70.274086,0.7577594,1.2114955,11.178979
1995-04-21,0.9431964659565866,-0.33223549871590435,,67.65405,1.3232203,1.5733334,9.377019
1995-04-28,0.8964562582905575,-0.44313223418263453,,67.633095,1.1660143,1.356023,9.382538
1995-05-05,0.8367329140344921,-0.5476112038402312,,68.85991,1.0725241,1.3995304,10.208306
1995-05-12,0.7648913904341226,-0.6441592666722685,11.476662962369403,72.17176,1.1370728,1.3945484,8.585805
1995-05-19,0.6819721490904629,-0.7313781428679254,,67.62892,1.1851819,1.7473454,9.136495
1995-05-26,0.5891760872322963,-0.8080046647350754,,78.405136,0.88043296,1.3806182,8.306392
1995-06-02,0.4878471454423119,-0.8729290708206411,18.12739862892758,69.79414,0.67241585,0.8446335,10.477495
1995-06-09,0.37945284372454435,-0.925211078289358,,69.33045,0.63833934,0.8963463,9.304964
1995-06-16,0.26556302780405594,-0.9640935007889755,,67.53537,0.55702084,1.1489835,8.170221
1995-06-23,0.14782713347053048,-0.9890132145779883,,85.18092,0.83966684,1.2092147,9.924303
1995-06-30,0.02795029824021032,-0.999609314096404,37.23808486974289,72.25548,0.8180573,1.2033893,8.2193775
1995-07-07,-0.09233133369539123,-0.9957283388645872,,94.3867,0.3807685,0.55538535,8.888101
1995-07-14,-0.2112757555821793,-0.9774264960104055,,72.51134,0.41177022,0.78686833,8.959538
1995-07-21,-0.3271603271220951,-0.9449688462364056,33.31169999878017,79.064735,0.47570106,0.7798588,8.522008
1995-07-28,-0.4383067230125192,-0.898825465016444,,61.219116,0.5243123,1.0741206,6.8618093
1995-08-04,-0.5431052396834317,-0.8396646346181327,39.90276138510734,76.89551,0.42496836,0.8955868,7.7349796
1995-08-11,-0.6400381082043503,-0.7683431655492202,,88.92798,0.6056013,0.8831383,8.678638
1995-08-18,-0.7277014757264236,-0.6858939875998223,,65.28773,1.3453431,2.0874922,8.686256
1995-08-25,-0.8048257371083452,-0.593511190196115,,67.45295,1.0712976,1.6133093,8.883345
1995-09-01,-0.8702939222685674,-0.49253272872205434,,54.476395,0.986969,1.3094444,7.2178736
1995-09-08,-0.9231578729647039,-0.38442104726885545,,70.06207,0.7574975,1.2502731,8.200938
1995-09-15,-0.9626519747161487,-0.2707418984477642,,51.98068,0.8930395,1.5360963,7.2762465
1995-09-22,-0.9882042449941422,-0.15314166701312007,19.547485436678613,67.5,1.2706317,1.6134809,9.468523
1995-09-29,-0.9994446170919858,-0.033323525711631344,,66.15278,0.8632422,1.4175164,8.696016
1995-10-06,-0.9962102997023297,0.0869772313136861,5.334263707515561,50.125076,0.90000165,1.7111468,7.019576
1995-10-13,-0.9785481345802031,0.20601832032517084,,56.582256,0.88328755,1.7200925,6.127382
1995-10-20,-0.9467139181463862,0.3220757010206104,23.273988933471088,73.24291,0.9767636,1.4839702,7.97364
1995-10-27,-0.9011686968561569,0.4334685453485363,,65.861534,1.0067524,1.7850554,8.342291
1995-11-03,-0.8425720899866032,0.5385835804920232,,54.87127,0.8810628,1.8191408,6.0641165
1995-11-10,-0.7717727365467837,0.6358984534680745,,28.45146,1.0181603,1.641379,6.5926666
1995-11-17,-0.6897960046655887,0.7240037789593305,,69.999756,1.1701778,1.5500237,9.820925
1995-11-24,-0.5978291414589552,0.801623551065242,,76.31571,1.0847199,1.5575972,8.859226
1995-12-01,-0.4972040784469378,0.8676336233547726,,47.04262,0.7997322,1.1442782,6.67832
1995-12-08,-0.3893781415452015,0.9210779895789526,14.892589372928256,71.2422,1.0080465,1.675094,9.196382
1995-12-15,-0.27591294500296043,0.9611826292540837,,71.27807,0.71796596,1.2937243,7.41918
1995-12-22,-0.15845177496083632,0.9873667175937016,,65.55465,0.965456,1.5970124,9.795471
1995-12-29,-0.03869579017652689,0.9992510374388481,,70.708145,0.8482377,1.1836827,11.070455
1996-01-05,0.08590610426133272,0.9963032375991965,,67.56605,1.1894629,1.679476,7.7611156
1996-01-12,0.20496611396949532,0.9787690698649216,,67.96029,1.4399034,1.9998922,9.854985
1996-01-19,0.321057654185271,0.9470596510722283,,67.964645,0.8494133,1.1951368,9.357411
1996-01-26,0.4324994021339788,0.901634220265486,,67.76397,1.3243945,1.8536141,11.145287
1996-02-02,0.5376773767406141,0.8431506618282,,48.46272,0.92502815,1.4811428,8.01795
1996-02-09,0.6350683134867438,0.7724559775191742,18.30515018765891,57.987457,0.755024,1.3792919,6.6390634
1996-02-16,0.7232617254437388,0.6905740195722293,,72.95721,1.038296,2.1709337,8.633658
1996-02-23,0.8009803309782905,0.5986906625177214,,75.41421,0.90291286,1.6551731,9.859154
1996-03-01,0.8670985522812081,0.4981366284784055,,74.422295,1.2824848,1.7120541,9.42666
1996-03-08,0.9206588168102428,0.3903682146763026,,75.14961,1.0845492,1.6369957,7.965303
1996-03-15,0.9608854255574977,0.27694620226893646,,68.64549,1.2533983,1.5812336,9.402882
1996-03-22,0.9871957872910085,0.15951325197263655,,69.42959,0.812488,1.2804374,8.833287
1996-03-29,0.9992088560679753,0.03977011384605572,,62.87015,1.6601562,2.4259908,10.106822
1996-04-05,0.9967506498213929,-0.08054900421874167,21.196040567246854,73.32924,1.0388712,2.273659,11.259584
1996-04-12,0.9798567700958665,-0.1997015525660636,17.96062174891,70.03926,0.65578693,1.0039724,7.653298
1996-04-19,0.9487718864399473,-0.31596187665790293,,67.71932,0.8385026,1.044678,11.267909
1996-04-26,0.9039461929224011,-0.42764620926777464,,67.5267,1.1215785,1.3788178,8.152178
1996-05-03,0.8460288880917339,-0.533137056031809,,68.38653,2.3261502,5.621636,8.532613
1996-05-10,0.7758587728069828,-0.6309066211876704,,67.39072,2.021268,3.6684492,8.780409
1996-05-17,0.6944521021088763,-0.719538934232584,,71.557045,1.3529599,2.7405677,9.556729
1996-05-24,0.6029878670694714,-0.7977503570459932,,67.791855,1.4515588,3.147992,10.748258
1996-05-31,0.5027907197793043,-0.8644081744776648,,75.1274,0.6242041,0.7852691,11.302901
1996-06-07,0.3953117887649151,-0.9185469991587165,,59.910168,1.1072818,1.7217281,8.084758
1996-06-14,0.2821076626819194,-0.9593827529490743,-13.278866560904959,78.34883,0.83174545,1.1819936,7.427938
1996-06-21,0.16481784665719793,-0.9863240225317866,,66.320244,1.3128926,2.3788033,8.891136
1996-06-28,0.04514101777397193,-0.9989806246941579,,70.85597,0.8876216,1.5192013,11.860933
1996-07-05,-0.07518957641475855,-0.9971692572470178,4.52691287177106,83.15346,0.410156,0.72339225,9.40294
1996-07-12,-0.19443122004766195,-0.9809161537413774,,72.50933,0.86881536,1.1632892,9.946218
1996-07-19,-0.3108569682435036,-0.9504567035349151,-19.647110994297947,78.41937,0.5916051,1.16599,10.059151
1996-07-26,-0.4227806579826773,-0.9062320427107697,,57.430107,0.5540836,1.8473338,7.0580726
1996-08-02,-0.5285813283559292,-0.8488826652214553,,51.46534,1.2302984,2.4856334,7.925335
1996-08-09,-0.6267266965083301,-0.7792391467859886,,64.78473,0.5909798,0.9128972,8.608793
1996-08-16,-0.7157953492826642,-0.6983101158835584,,70.49907,0.5876726,1.3126017,9.389567
1996-08-23,-0.7944973291665992,-0.6072676460566135,4.23261991537197,60.0409,0.473921,0.70703894,7.3317165
1996-08-30,-0.8616928164028521,-0.5074302810827518,,54.43286,0.676767,1.9897465,6.1966496
1996-09-06,-0.9164086366943458,-0.4002439388573056,-4.141804900080643,62.9742,0.79163504,1.5192618,9.8414755
1996-09-13,-0.9578523554276669,-0.28726097055059635,,41.467216,0.83181065,1.6677577,7.6322927
1996-09-20,-0.9854237542919524,-0.17011767832049052,,60.874676,1.2392427,2.343689,7.72037
1996-09-27,-0.9987235240803972,-0.050510617185222886,,67.911995,1.231522,1.6206164,9.748174
1996-10-04,-0.9975590477788613,0.06982797572987089,,52.24917,1.216544,2.4418402,8.1044445
1996-10-11,-0.981947190186646,0.18915526872004093,,62.964485,0.9955394,1.4650072,6.757137
1996-10-18,-0.9521140536681102,0.3057430764672831,,66.555115,0.86983836,1.5760254,7.282005
1996-10-25,-0.9084917035725082,0.41790288888678667,,67.68031,1.1892043,1.4994524,9.265018
1996-11-01,-0.8517119107469189,0.5240103253675756,,70.18409,1.1990395,1.5621436,10.05615
1996-11-08,-0.7825970017677834,0.6225286602431057,,69.03697,1.3254044,1.7043718,8.427339
1996-11-15,-0.7021479494046978,0.712031078778713,,48.780884,0.97462255,1.5923673,8.314316
1996-11-22,-0.6115298757991053,0.7912213413483807,-3.5295540532827943,56.758957,1.0854586,2.1431434,8.028563
1996-11-29,-0.5120551783114646,0.8589525565270845,,56.117653,1.2786677,2.161465,8.16051
1996-12-06,-0.4051645224207563,0.9142437912130223,,42.02995,0.91527593,1.9583834,6.290334
1996-12-13,-0.29240597695107734,0.9562942772197719,,72.44382,1.0954828,2.0484097,8.121061
1996-12-20,-0.17541259380427843,0.9844950085880858,,68.68971,0.8690337,1.2484132,8.267641
1996-12-27,-0.05587875690537313,0.9984375616565666,,67.113884,1.4483916,1.8687389,8.918583
1997-01-03,0.051584366869408364,0.9986686402879997,,67.99598,1.3558166,1.8693806,10.804802
1997-01-10,0.17117705961019986,0.985240282501282,,61.807686,1.5537356,2.1825795,10.50268
1997-01-17,0.2882906407095177,0.9575429528116719,,73.479675,0.91712934,1.8292685,8.68709
1997-01-24,0.4012289854475009,0.9159777842484877,,67.83931,1.4107406,1.9192679,9.459846
1997-01-31,0.5083564379375122,0.8611467540480452,,67.71308,1.8726588,2.3803284,10.834529
1997-02-07,0.6081214998935418,0.7938439653781019,,74.57037,1.1822723,2.3474019,11.652698
1997-02-14,0.6990793005655562,0.7150441465537444,-11.050648716827538,58.318516,1.01559,1.338121,6.6140885
1997-02-21,0.7799125224167177,0.6258885343075018,,68.94764,1.335444,1.884648,7.626687
1997-02-28,0.8494504794814806,0.527668345562516,,73.291855,0.83841723,1.4233946,8.568426
1997-03-07,0.9066860720977985,0.4218060770826634,,70.0078,0.9865788,1.4570749,9.732965
1997-03-14,0.9507903724625832,0.3098349038318025,-21.11732561670746,63.806664,1.5436766,2.2293503,11.110972
1997-03-21,0.981124629771712,0.19337647441020586,,58.261997,1.1796536,1.7711527,12.118397
1997-03-28,0.9972495210773451,0.07411742515094437,,78.28666,0.7093553,1.2318913,8.034726
1997-04-04,0.9989315138848577,-0.046215046983708354,-14.203005013404663,68.09782,0.88341177,1.1336968,11.455385
1997-04-11,0.986146248341595,-0.16587819893463143,,76.68343,0.69900334,1.0482326,12.090703
1997-04-18,0.9590788900341131,-0.28313898122818354,-21.7945913271017,91.13795,0.5406948,0.74048316,7.0744147
1997-04-25,0.9181214482844365,-0.39629913726891813,,71.27497,0.66656125,0.81423396,8.655796
1997-05-02,0.8638670987837349,-0.503719798736334,,73.087906,1.4215608,2.2162359,8.119444
1997-05-09,0.7971015927871943,-0.6038452208771035,,67.5,2.2311292,2.7004032,11.365875
1997-05-16,0.7187918772884232,-0.6952253139408723,,73.04032,1.0626547,2.0903714,10.285911
1997-05-23,0.6300720909843687,-0.7765366444428655,,65.65479,1.2987916,2.8425658,9.269872
1997-05-30,0.5322271388474397,-0.8466016020976267,,71.09288,0.7061677,0.9740502,11.067863
1997-06-06,0.42667408318992467,-0.9044054548343001,,75.80199,0.7623144,1.0302933,12.11673
1997-06-13,0.31494162072895193,-0.9491110448902284,,77.33866,0.58338076,0.8493954,7.971229
1997-06-20,0.19864794288017112,-0.9800709131432666,,72.39081,1.047812,1.6447679,9.204775
1997-06-27,0.07947729992362097,-0.9968366760893436,,67.75719,0.8418597,1.292477,7.7118764
1997-07-04,-0.04084439154329611,-0.9991655196610109,,80.63563,0.9290867,1.4052474,10.563299
1997-07-11,-0.16057454459499376,-0.9870237158387383,,75.68336,0.7928058,1.1126148,8.734154
1997-07-18,-0.2779791393987801,-0.9605871111248129,,74.8454,0.68887776,0.89387816,8.64497
1997-07-25,-0.3913578365610259,-0.9202385798054075,,80.31261,0.7252342,1.0866052,9.928917
1997-08-01,-0.4990686026885319,-0.8665624788845385,,68.70472,0.90072584,1.2493321,7.696772
1997-08-08,-0.5995514915196489,-0.8003361849976323,,66.824394,0.8210889,1.2838036,8.289412
1997-08-15,-0.6913512362094071,-0.722518835873311,,60.891182,0.6646896,1.348453,8.15217
1997-08-22,-0.7731383255706027,-0.6342374393978054,,67.69074,0.8092078,1.1209131,8.559334
1997-08-29,-0.8437282590292712,-0.5367705514607103,,66.331604,0.6518949,1.1379673,11.658826
1997-09-05,-0.9020987014301837,-0.4315297589714715,,63.02851,0.9464502,1.4394565,11.230914
1997-09-12,-0.9474042892438845,-0.32003923622313857,17.667768399514813,84.83818,0.7001587,0.89775884,10.03625
1997-09-19,-0.9789888737409319,-0.20391367068311472,,63.904263,0.72942996,1.2338024,7.354771
1997-09-26,-0.9963950238187231,-0.08483487790576538,,60.624825,0.8387968,1.3571719,6.885673
1997-10-03,-0.9993706508539969,0.03547255575312556,,59.372,0.8912726,1.7885236,7.089278
1997-10-10,-0.9878726596350429,0.15526624985999563,15.921510421921653,66.77577,0.8816646,2.2896917,7.653033
1997-10-17,-0.9620675724981452,0.27281126433401914,,60.73956,0.98234665,1.4591943,8.6499405
1997-10-24,-0.9223291176290545,0.3864052261209853,,92.18133,0.5991612,0.9153516,7.7882195
1997-10-31,-0.8692328164574792,0.4944029842076182,,62.90688,1.1935006,1.6671926,7.4537253
1997-11-07,-0.8035476485339116,0.5952404359043674,,67.5,1.450973,1.7702272,9.240776
1997-11-14,-0.7262249146041543,0.6874571793269664,,42.89288,0.9375666,1.461988,6.751902
1997-11-21,-0.6383844591746642,0.769717664006921,,55.468674,0.723912,1.1207603,7.8631554
1997-11-28,-0.5412984521036173,0.8408305333122887,12.686975195077821,64.882256,1.2480657,1.7775002,7.6856747
1997-12-05,-0.4363729641045924,0.8997658785476209,,58.128296,1.0532295,1.4632322,6.4801707
1997-12-12,-0.3251276029999093,0.9456701548465688,,69.77489,1.1904047,1.7832633,9.5643
1997-12-19,-0.20917350564635637,0.9778785428342386,,61.889038,1.298371,1.8587202,9.190828
1997-12-26,-0.09019000427034513,0.9959245770286599,,67.496315,1.1285902,1.5746074,8.824149
1998-01-02,0.03439806061360801,0.9994082116062598,,67.516716,1.2256019,1.6291375,8.930968
1998-01-09,0.1542040475626894,0.988039023376751,,66.66406,1.3678203,2.0627596,10.052254
1998-01-16,0.2717767384711357,0.9623603298276545,,62.718685,1.6829112,2.0870109,10.238032
1998-01-23,0.38541335945432564,0.9227440286201427,,57.750324,1.0948942,1.6391569,9.363339
1998-01-30,0.49346814167723735,0.8697638720650646,3.26148433876304,60.559246,1.1776807,1.5674628,8.780082
1998-02-06,0.5943761565849831,0.804187157621448,,67.50185,1.2174873,1.6360861,10.008181
1998-02-13,0.6866759803451553,0.726963615332308,,67.558014,1.3230555,1.6313161,10.336901
1998-02-20,0.7690308592589181,0.6392116531380588,,67.53068,1.137748,1.3880304,9.754841
1998-02-27,0.8402480696078469,0.5422021592729844,,67.56072,1.0661825,1.4067128,10.317807
1998-03-06,0.8992961915530253,0.4373400963303323,,67.5,1.2941992,1.6053234,8.914781
1998-03-13,0.945320046913132,0.3261441535642696,,68.88443,1.0423689,1.313232,10.477448
1998-03-20,0.9776530844816641,0.2102247521189836,,68.508095,0.9611584,1.4195747,8.647743
1998-03-27,0.9958270335100595,0.09126072172931188,,67.37313,1.7912848,3.4077957,10.063337
1998-04-03,0.9995786855478958,-0.029025013321975237,,69.46609,1.0519785,1.3594795,8.709887
1998-04-10,0.9888537064205885,-0.1488903868564548,,67.8058,1.238047,1.541857,9.984306
1998-04-17,0.9638074231367307,-0.26659942067929354,,65.12198,1.2421649,2.0394273,8.15423
1998-04-24,0.9248025743285089,-0.38044736628785164,-30.7900527616589,64.74696,1.3961843,1.9074667,9.37578
1998-05-01,0.8724040568049612,-0.48878539428899265,,67.93155,0.67784834,0.7742121,10.080342
1998-05-08,0.8073707443023492,-0.5900444739548627,,67.83396,0.99273807,2.0201995,8.409871
1998-05-15,0.7306444969184916,-0.6827580970759147,,83.85893,0.63839656,1.4130437,7.2898293
1998-05-22,0.6433365204044917,-0.765583517007675,3.6053573741157265,61.62458,1.2779871,1.6071079,9.39662
1998-05-29,0.5467112728685939,-0.8373211953118121,,84.82338,0.67715174,1.0680768,9.433039
1998-06-05,0.44216815196707204,-0.8969321743510065,,61.14631,0.8555988,1.2010858,7.8358808
1998-06-12,0.3312212278016865,-0.9435531242349544,,68.826614,0.79776,0.96164066,9.543169
1998-06-19,0.21547731504673012,-0.976508846196619,,74.79179,0.84867775,1.0894023,9.610848
1998-06-26,0.0966127018812031,-0.9953220513156602,,67.03467,0.9034115,1.7850063,9.063564
1998-07-03,-0.023651127245231586,-0.9997202729664083,,70.68209,0.6592332,0.94829804,10.695581
1998-07-10,-0.1435724234118113,-0.9896398128792412,,67.53154,0.9091207,1.5593929,8.844504
1998-07-17,-0.2614143985111562,-0.965226663665613,,70.56353,1.0733504,1.8777523,13.334916
1998-07-24,-0.3754703786876202,-0.9268343944460494,,48.89566,0.9758287,1.5001042,7.01708
1998-07-31,-0.48408852163897587,-0.8750190302029955,,68.63046,1.0362116,2.0784004,10.71974
1998-08-07,-0.5856957398073508,-0.8105309990194823,,71.05514,1.3273276,2.3525188,8.199697
1998-08-14,-0.6788204829862357,-0.734304263829602,2.850316071305798,67.97484,0.81153405,1.2092746,10.395744
1998-08-21,-0.7621140503891487,-0.6474427960827475,,69.48621,1.3520304,1.8341686,8.9899645
1998-08-28,-0.8343701235229537,-0.5512045872199277,,61.222527,1.2374382,1.619242,8.734516
1998-09-04,-0.8945422369764496,-0.4469834295196742,,62.26312,0.9111365,1.4098369,9.588682
1998-09-11,-0.9417589340994617,-0.33628873017668287,,68.81029,1.3155526,2.812072,7.1614556
1998-09-18,-0.9753363880767837,-0.2207236509605022,,67.464714,1.1762632,2.2139664,9.554586
1998-09-25,-0.994788305609327,-0.10196189005174576,,67.5,1.5934645,2.0151198,9.5482025
1998-10-02,-0.999832969770105,0.018276557681691223,,67.51197,1.0357754,1.3407272,9.641139
1998-10-09,-0.9903973200352558,0.13825031091098192,,62.817463,0.9143101,1.8234283,8.676699
1998-10-16,-0.9666180104000972,0.2562218218071163,3.821433665962644,75.50912,0.8163541,1.4428008,11.866016
1998-10-23,-0.9288394302558068,0.3704825404820963,,56.74635,0.9356277,2.090926,8.101221
1998-10-30,-0.8776087166898392,0.4793776594606945,6.025760750928697,55.874146,1.1238234,1.9242624,7.4395657
1998-11-06,-0.8136678304455991,0.5813300798152042,,78.053505,0.7804132,1.0628269,9.962132
1998-11-13,-0.7379428103031386,0.6748632518680403,,72.20888,0.9026104,1.3396204,6.958199
1998-11-20,-0.6515303615068021,0.75862255966641,,70.66732,1.5922397,2.2228873,10.318051
1998-11-27,-0.5556819724760489,0.8313949395234058,,64.15574,1.0456789,1.5962229,8.521651
1998-12-04,-0.451785789832884,0.8921264484954345,,76.25808,0.9451363,1.4186167,10.853946
1998-12-11,-0.34134651424503615,0.9399375283564133,,72.94588,0.9475065,1.2744879,8.800118
1998-12-18,-0.22596360824801906,0.974135744004672,7.347987443513574,63.356968,1.3015178,1.6610752,8.503351
1998-12-25,-0.10730813165636247,0.9942258118156161,,74.10814,1.148829,1.5391809,8.562665
1999-01-01,0.017201575418260506,0.9998520419557735,,69.448105,1.2553365,1.5218812,10.63901
1999-01-08,0.13718540405660057,0.9905453876091833,,68.40751,1.2701976,1.7277279,9.484979
1999-01-15,0.2551824131233728,0.9668929289391521,,69.29555,0.8460053,1.2828071,7.9879994
1999-01-22,0.3694836834473831,0.9292372181882051,,68.65254,1.0549196,1.4391773,8.307983
1999-01-29,0.4784338202547012,0.8781236129591848,,67.8073,1.3345306,1.6187779,9.679936
1999-02-05,0.580454927809098,0.8142923779467267,,73.16012,1.5482372,3.6131833,9.104116
1999-02-12,0.6740694616546162,0.7386679638813748,,67.558075,2.2257628,2.9896252,10.643326
1999-02-19,0.7579216274973472,0.6523456189565257,-6.281410031476867,67.91564,1.511829,2.2653596,10.706577
1999-02-26,0.8307970168121247,0.5565755266413303,,73.35634,1.7551152,3.0998008,10.689768
1999-03-05,0.8916401947968874,0.45274469960737107,-0.05902489519590404,75.801254,0.9810763,1.4980706,7.5447288
1999-03-12,0.9395699859530622,0.342356891994542,,71.23961,1.0223438,1.3342711,10.267812
1999-03-19,0.9738922359149924,0.22701082094141847,,68.479965,0.97826856,1.4844432,9.554147
1999-03-26,0.9941098647022418,0.10837701279187609,,68.0275,1.3298233,1.7186503,9.082173
1999-04-02,0.9999300657962057,-0.011826390691832589,,69.83163,1.057064,1.2286545,9.590957
1999-04-09,0.9912685467787256,-0.13185851571739118,,76.59691,1.2011087,2.140919,8.92112
1999-04-16,0.9682507501166718,-0.2499809690726521,,68.331345,1.4031028,2.4141843,10.361379
1999-04-23,0.9312100364121947,-0.3644830148102912,5.014282316235892,81.01529,0.6245424,1.1367344,11.986195
1999-04-30,0.8806828564301475,-0.47370635037968,,80.38936,0.76037276,0.9305692,11.769729
1999-05-07,0.8174009818249189,-0.5760691233798758,4.813798887589655,81.84968,1.0385802,1.7248887,7.4429526
1999-05-14,0.742280907086982,-0.6700888411055113,,67.423546,1.2843393,1.9470611,8.270988
1999-05-21,0.6564105761979381,-0.7544038410927472,,67.496994,1.4014965,2.4269679,9.261278
1999-05-28,0.5610336262283677,-0.8277930117131022,,65.76845,2.4874232,4.5040092,11.539456
1999-06-04,0.4575313760742512,-0.8891934772070711,,67.60753,1.301882,1.4693872,11.051651
1999-06-11,0.3474028211842774,-0.9377159910299093,,79.15081,1.0482407,1.5515482,7.2037616
1999-06-18,0.23224292400907015,-0.9726578145718654,,83.27543,0.43141046,0.8239846,8.673607
1999-06-25,0.11371951458594969,-0.9935128947338007,,91.62686,0.636963,1.1627717,8.674885
1999-07-02,-0.00645086419810515,-0.9999791929590823,,71.26874,1.6581959,2.533089,8.925566
1999-07-09,-0.12652781683868314,-0.9919630595773397,,67.60956,0.9584302,1.4014678,9.8592415
1999-07-16,-0.24477230089725957,-0.9695805901076308,,70.55978,1.6845396,2.3500013,10.017318
1999-07-23,-0.3594718130884232,-0.9331559438780432,-8.603280614874024,71.66983,0.56455696,0.9638486,10.098273
1999-07-30,-0.46896519100763184,-0.8832166493127127,,75.45382,1.373549,1.9910085,9.631765
1999-08-06,-0.5716666713027052,-0.8204859638785327,8.92828304978056,92.89082,0.5598247,0.79694706,8.175704
1999-08-13,-0.666088855860977,-0.7458723993404063,9.889186352435843,62.44483,0.6985234,1.1258249,6.2250743
1999-08-20,-0.7508642533989489,-0.6604565640279754,1.4273050731978572,79.12201,0.64776736,0.87547475,9.266398
1999-08-27,-0.8247650844733614,-0.5654755126737576,,67.72421,1.1742471,1.7979977,8.858133
1999-09-03,-0.886721063082993,-0.46230483047981086,,67.233795,2.0453906,2.9075835,10.37965
1999-09-10,-0.9358348973349941,-0.35243871088460327,-9.375814214807605,67.43531,1.4912591,1.7755661,10.742226
1999-09-17,-0.97139528468375,-0.23746831555846842,-0.3553049848141825,63.53249,0.8757824,1.7218635,8.945234
1999-09-24,-0.9928872135356962,-0.11905873003404988,,67.548325,1.0347977,1.5090884,9.728874
1999-10-01,-0.9999994220246925,0.001075151282798226,-30.660940431867743,64.02604,1.9176271,2.647864,9.91696
1999-10-08,-0.9926289059345095,0.12119346147073601,,76.43635,1.0989403,1.7796243,8.528093
1999-10-15,-0.9708824104813836,0.2395565591209271,,62.462627,0.87236625,1.4630696,7.377114
1999-10-22,-0.9350748843515574,0.3544502230989869,,65.844826,0.7945815,1.2726083,7.2660174
1999-10-29,-0.8857249183835637,0.4642104791518923,,67.58589,0.9746964,1.2907416,8.556525
1999-11-05,-0.8235472349556007,0.5672476988027229,,67.607574,1.5280199,2.147003,10.727616
1999-11-12,-0.7494423368521953,0.6620696215153815,,72.69189,0.9419401,1.5010339,10.45175
1999-11-19,-0.6644834655228552,0.7473029667054297,,55.55461,0.82058316,1.4489307,7.991636
1999-11-26,-0.5699010576127624,0.821713322596059,,68.80291,0.8091987,1.501135,6.958592
1999-12-03,-0.46706492487743034,0.8842230238742036,,79.91283,0.73242176,1.0367391,7.3925667
1999-12-10,-0.3574644155648614,0.9339267592294762,,64.196785,1.1593199,1.7270195,8.088944
1999-12-17,-0.2426868445825954,0.9701046827361175,,76.10197,0.8536204,1.2734922,7.1165323
1999-12-24,-0.12439450483979998,0.9922328391893008,,75.272354,0.79478925,1.0994877,7.391833
1999-12-31,-0.004300592702981974,0.9999907524084426,,59.658558,1.2260468,2.1362412,8.018482
2000-01-07,0.1201261651823505,0.9927586335250793,-1.7057180208744285,71.88108,0.6235278,0.93370247,8.579671
2000-01-14,0.23851257519407648,0.9711394088771653,,88.25897,1.0888197,2.095224,8.864999
2000-01-21,0.3534446712740877,0.9354554315134164,-1.0418590795825935,60.66978,0.9572645,1.4341556,8.338038
2000-01-28,0.4632579225674917,0.88622350294858,,68.903656,0.85149664,1.5295038,7.150374
2000-02-04,0.5663619330814524,0.8241566360566663,,75.30904,0.8866761,1.798584,8.866282
2000-02-11,0.6612634749656386,0.7501537286959042,-1.3333387341153013,65.76551,1.5404017,1.8589807,8.859042
2000-02-18,0.746588114532413,0.6652865452111116,,67.78709,1.208302,1.5384821,9.637718
2000-02-25,0.8211001178128892,0.5707841943569036,,67.89427,1.1541083,1.5048032,7.6346045
2000-03-03,0.8837203473619977,0.4680153284438345,,68.56903,1.3172734,1.7136927,9.126016
2000-03-10,0.9335418911179212,0.35846832151248087,,71.35895,0.98013216,1.6102742,7.8788757
2000-03-17,0.969843196967294,0.24372971360968387,1.9904476518607623,63.14545,1.1084746,1.5124638,10.282646
2000-03-24,0.992098522791769,0.12546123335273648,,66.40638,1.1023114,1.4292334,8.03478
2000-03-31,0.9999855506507186,0.005375731557583884,,68.290306,1.186624,2.1388998,8.3476305
2000-04-07,0.9933900548258936,-0.11478762552212701,,70.124725,1.0555376,1.3930684,8.089703
2000-04-14,0.9724075561219968,-0.23328854407545518,,67.76027,1.2372534,1.4887973,11.139499
2000-04-21,0.9373419384643772,-0.3484108069446808,7.646332972115886,67.78796,0.9563817,1.1464278,9.873255
2000-04-28,0.8887010478292915,-0.45848712914008766,,78.73473,1.088821,1.9372925,8.531301
2000-05-05,0.8271893372462497,-0.5619233046832195,,62.135834,2.712263,3.9716785,11.3426485
2000-05-12,0.753697664392914,-0.6572212950663319,-15.203789073682714,69.00476,1.2005695,1.7202452,10.299793
2000-05-19,0.6692903895412567,-0.7430009249440493,,68.79456,0.8526969,1.2243202,10.159312
2000-05-26,0.5751899607119775,-0.8180198708443175,,67.57164,1.0605867,1.4317796,8.384194
2000-06-02,0.47275920928627757,-0.881191653407483,-4.627455930111296,71.18829,0.6346371,1.0401762,11.420696
2000-06-09,0.36348161248290634,-0.9316013725767187,,82.5851,0.54411477,0.8462866,12.322806
2000-06-16,0.24893980855376657,-0.9685189578512204,,82.304405,0.95985794,1.670019,7.5828304
2000-06-23,0.13079267585675922,-0.9914097417023038,,64.16222,1.0791266,1.564172,8.560854
2000-06-30,0.01075130776352193,-0.9999422030204416,,67.714714,1.1453283,1.5883579,11.127477
2000-07-07,-0.10944576864891556,-0.993992768446958,-4.9489733508303,80.291916,1.1257987,1.5285108,11.444521
2000-07-14,-0.2280577712215198,-0.9736476020539838,,69.461876,1.1966264,1.6679572,12.030329
2000-07-21,-0.34336687399638804,-0.939201357453208,,76.67672,1.0181745,1.7525572,11.883741
2000-07-28,-0.45370308603134424,-0.8911529104063088,,59.914574,0.7558837,1.4768819,8.767754
2000-08-04,-0.5574684374327892,-0.8301981337405212,,67.56505,0.6841634,1.0083786,8.78896
2000-08-11,-0.65316012232693,-0.7572198192083127,4.033785563506484,68.25817,0.9638975,1.4203877,7.831919
2000-08-18,-0.7393922635959241,-0.673274892250183,,81.093735,0.6720937,0.9918977,8.187137
2000-08-25,-0.8149159841660791,-0.5795791048257612,,54.0785,0.68848926,1.3321426,8.462744
2000-09-01,-0.8786374941610001,-0.4774894280028391,,50.677055,0.62475675,1.5796006,7.531766
2000-09-08,-0.9296339319682695,-0.3684843993077793,,53.201893,0.8503272,2.5244837,6.950309
2000-09-15,-0.9671667297977312,-0.2541427094613622,,72.13364,0.51559985,0.9300478,7.429697
2000-09-22,-0.9906923101615609,-0.13612033862266704,9.278223542202994,54.879784,0.79016984,1.3451804,6.62232
2000-09-29,-0.9998699583618592,-0.016126573270657762,,48.320305,1.1866462,2.1364846,7.4152875
2000-10-06,-0.9945667569706337,0.1041007489354256,,59.310394,1.1454145,2.1239734,8.489395
2000-10-13,-0.9748595108374125,0.22282040779479959,5.984630123883818,66.06749,1.4123844,1.902062,8.734677
2000-10-20,-0.9410336347451197,0.3383130181923075,,69.050064,0.9179015,1.7460297,8.089928
2000-10-27,-0.8935790198239952,0.4489059314938798,,67.970375,1.3839144,1.7506304,10.114963
2000-11-03,-0.8331829385891785,0.5529974600700271,,70.98755,1.4207373,3.0392697,8.440633
2000-11-10,-0.7607200913564104,0.6490800741100398,,84.63762,0.8499692,1.4810944,8.297072
2000-11-17,-0.6772399381909491,0.7357622347736525,,69.35875,1.5503458,1.9415365,9.510384
2000-11-24,-0.5839514998576998,0.8117885474764613,,69.72027,0.9112069,1.3122003,6.7554684
2000-12-01,-0.4822058478963526,0.8760579434344281,,59.445625,0.7198944,1.5974426,6.742231
2000-12-08,-0.37347653741307074,0.9276396261490467,,75.22797,0.8523185,1.2373253,7.310131
2000-12-15,-0.2593382659754056,0.9657865518844574,,54.96651,0.96321034,1.6276511,7.3423944
2000-12-22,-0.14144406768794202,0.9899462489023779,11.861101119679915,69.49288,1.233552,1.7334006,10.846427
2000-12-29,-0.021501372740813793,0.999768818762748,,43.250267,1.049815,1.5077538,6.633324
2001-01-05,0.08590610426133272,0.9963032375991965,,70.041504,1.0117964,1.3914667,7.954802
2001-01-12,0.20496611396949532,0.9787690698649216,11.802472039758698,71.30679,1.2102003,1.8324814,9.228444
2001-01-19,0.321057654185271,0.9470596510722283,,62.39577,0.9487025,1.6259552,6.7384043
2001-01-26,0.4324994021339788,0.901634220265486,,73.84066,1.0390813,1.5170155,8.284322
2001-02-02,0.5376773767406141,0.8431506618282,,67.733376,1.4620327,3.452786,7.7180204
2001-02-09,0.6350683134867438,0.7724559775191742,,67.63918,1.4968231,2.7041638,9.245588
2001-02-16,0.7232617254437388,0.6905740195722293,-1.0969106132726836,71.971725,0.9359496,1.323292,9.169176
2001-02-23,0.8009803309782905,0.5986906625177214,,76.61727,1.1064281,1.5000756,8.976009
2001-03-02,0.8670985522812081,0.4981366284784055,,65.55753,0.9268676,1.137486,9.773216
2001-03-09,0.9206588168102428,0.3903682146763026,,74.87018,1.9394199,2.7836103,10.232508
2001-03-16,0.9608854255574977,0.27694620226893646,,74.8173,1.2458984,1.6662954,8.82661
2001-03-23,0.9871957872910085,0.15951325197263655,-20.514871224781785,67.67398,1.2986475,1.5610204,9.740893
2001-03-30,0.9992088560679753,0.03977011384605572,,69.37981,1.004288,1.4238687,8.834634
2001-04-06,0.9967506498213929,-0.08054900421874167,-18.6152767310206,70.873795,1.2897657,1.7935045,9.780583
2001-04-13,0.9798567700958665,-0.1997015525660636,,67.16482,2.1663983,3.160485,11.73333
2001-04-20,0.9487718864399473,-0.31596187665790293,-9.132993225759662,67.80955,0.96055764,1.1730616,10.3167925
2001-04-27,0.9039461929224011,-0.42764620926777464,,68.05398,1.0963287,1.5622133,9.694347
2001-05-04,0.8460288880917339,-0.533137056031809,-7.084712123954716,67.84186,1.2946576,1.4667977,10.6642065
2001-05-11,0.7758587728069828,-0.6309066211876704,,68.000305,0.98814553,1.1590728,10.764413
2001-05-18,0.6944521021088763,-0.719538934232584,11.816032167432695,67.897446,0.64741063,0.9134782,11.173367
2001-05-25,0.6029878670694714,-0.7977503570459932,,85.74324,0.7909892,1.3112199,7.8706875
2001-06-01,0.5027907197793043,-0.8644081744776648,,76.19007,0.6115352,0.95963347,9.166747
2001-06-08,0.3953117887649151,-0.9185469991587165,0.8914732460210928,73.52944,0.983193,1.8924108,7.6727266
2001-06-15,0.2821076626819194,-0.9593827529490743,,67.918816,1.1029677,1.4907244,9.8609295
2001-06-22,0.16481784665719793,-0.9863240225317866,13.145867185531642,67.91901,0.6961383,1.101241,10.969325
2001-06-29,0.04514101777397193,-0.9989806246941579,,67.83147,0.69268316,1.2254019,8.333953
2001-07-06,-0.07518957641475855,-0.9971692572470178,,67.37009,1.6921968,3.856766,10.311729
2001-07-13,-0.19443122004766195,-0.9809161537413774,-11.266591814851097,72.91429,1.2786999,2.5037167,11.636866
2001-07-20,-0.3108569682435036,-0.9504567035349151,-1.5880479446083484,82.85819,0.5605153,0.85126776,9.94608
2001-07-27,-0.4227806579826773,-0.9062320427107697,-3.2332258368708438,76.99185,1.0138029,2.239412,8.989688
2001-08-03,-0.5285813283559292,-0.8488826652214553,,77.321846,0.9555993,1.6386113,9.381142
2001-08-10,-0.6267266965083301,-0.7792391467859886,2.0579557782048994,67.74473,0.5678489,1.0748316,7.427941
2001-08-17,-0.7157953492826642,-0.6983101158835584,-4.073995265869229,67.701546,0.69812137,1.2582176,9.641695
2001-08-24,-0.7944973291665992,-0.6072676460566135,-2.547974891606401,72.86315,0.52157426,0.669608,11.77185
2001-08-31,-0.8616928164028521,-0.5074302810827518,,69.17618,0.6127552,1.2349048,9.599015
2001-09-07,-0.9164086366943458,-0.4002439388573056,,59.24971,0.70303315,1.3446691,8.435142
2001-09-14,-0.9578523554276669,-0.28726097055059635,12.972870788691296,54.24178,0.7416476,1.4236816,7.866032
2001-09-21,-0.9854237542919524,-0.17011767832049052,,67.953926,0.9262601,1.2662002,8.755559
2001-09-28,-0.9987235240803972,-0.050510617185222886,,75.039536,1.1562365,1.6758255,8.4969845
2001-10-05,-0.9975590477788613,0.06982797572987089,,67.95425,1.358428,2.053733,9.794902
2001-10-12,-0.981947190186646,0.18915526872004093,-4.885916401054516,56.071243,1.0375215,1.8778986,9.247953
2001-10-19,-0.9521140536681102,0.3057430764672831,,49.084873,0.8351493,1.7892424,6.828298
2001-10-26,-0.9084917035725082,0.41790288888678667,,61.44494,0.7254798,1.371819,7.2423167
2001-11-02,-0.8517119107469189,0.5240103253675756,3.0256585405839758,41.21988,0.6612504,1.2409949,8.169349
2001-11-09,-0.7825970017677834,0.6225286602431057,,68.9355,0.82551944,1.6058717,8.133922
2001-11-16,-0.7021479494046978,0.712031078778713,3.9258651191376543,67.580765,0.8226422,1.3065655,9.610752
2001-11-23,-0.6115298757991053,0.7912213413483807,,61.06507,0.8307975,1.6615589,8.626039
2001-11-30,-0.5120551783114646,0.8589525565270845,,65.38922,0.8971265,1.5464529,7.015141
2001-12-07,-0.4051645224207563,0.9142437912130223,,67.41815,1.2944363,1.83569,10.138277
2001-12-14,-0.29240597695107734,0.9562942772197719,,69.47282,0.85596883,1.3557202,9.592227
2001-12-21,-0.17541259380427843,0.9844950085880858,,63.29357,1.1457068,2.0281796,9.48619
2001-12-28,-0.05587875690537313,0.9984375616565666,3.7123827750927205,36.270576,1.0185845,1.8292767,7.124012
2002-01-04,0.06875540848113941,0.9976335468520451,,41.76076,1.333005,2.1153367,7.8659945
2002-01-11,0.18809941761179758,0.9821499931752291,2.8620749770640543,68.68146,0.8404363,1.6142027,8.412874
2002-01-18,0.3047192331091634,0.9524422234305676,,56.07573,0.65725565,1.2896128,7.180417
2002-01-25,0.4169258813287287,0.908940487313808,,68.25117,1.1625861,2.2220814,7.797526
2002-02-01,0.5230943033491326,0.8522748088519838,,68.3577,1.6399946,2.2045796,9.971471
2002-02-08,0.6216868902665479,0.7832658619336791,,70.39835,1.3589853,2.2077684,9.190131
2002-02-15,0.7112757519738152,0.7029130847082615,-1.6758938483756367,85.32537,0.6817922,0.95800036,8.03791
2002-02-22,0.7905633969115482,0.612380204990065,-1.5247551434580373,71.78559,0.9929855,1.3639612,7.7714815
2002-03-01,0.8584015232918917,0.512978386299228,,67.67485,1.0688777,1.4662521,8.65951
2002-03-08,0.9138076496466615,0.4061472386305789,,67.5693,1.2349201,1.5839801,8.8804455
2002-03-15,0.9559793438440766,0.2934339689665273,,69.31936,1.0810888,1.5089777,10.457986
2002-03-22,0.984305844499033,0.17647097349152166,11.299742339758978,61.38348,0.921329,1.5066206,7.494257
2002-03-29,0.998376906467142,0.056952196034039754,7.738075791444658,68.478745,1.3768606,1.8212736,9.99689
2002-04-05,0.9979887423155984,-0.06339140486951038,,73.669785,1.1626475,1.512168,8.346328
2002-04-12,0.9831469737221499,-0.1828169249850199,,70.45946,0.6943121,1.2086583,9.809105
2002-04-19,0.9540665500578387,-0.2995947563972602,,71.72983,1.3912675,2.3510025,8.976711
2002-04-26,0.9111686353326631,-0.41203363695942635,10.66958057976828,67.96746,1.0239055,1.3460536,9.342541
2002-05-03,0.8550745085896932,-0.518505144391157,,67.60152,1.2681777,1.4357135,10.672182
2002-05-10,0.7865965660866021,-0.6174672802835514,16.278737403719674,67.40296,1.216759,1.5854487,8.337539
2002-05-17,0.7067265555776159,-0.7074868024503348,,69.6065,0.8404619,1.1283821,10.023169
2002-05-24,0.6166212130956382,-0.7872599821916922,,70.041016,0.54127556,1.4953883,9.358985
2002-05-31,0.5175855102531889,-0.8556314858488706,,87.58983,0.5398939,0.7292712,11.380254
2002-06-07,0.4110537546870351,-0.9116111071930239,,59.169853,1.217414,1.5071323,7.597903
2002-06-14,0.2985688173637202,-0.9543881083175908,,39.69265,0.57112867,1.4566158,6.6717763
2002-06-21,0.18175978759137534,-0.9833429613388902,,62.34638,0.95979583,1.3762171,7.774959
2002-06-28,0.062318379354325076,-0.998056320853012,18.215467765508038,72.48963,0.62231165,0.78460747,9.239079
2002-07-05,-0.05802556932878035,-0.9983150972033183,26.100025543072007,74.35453,0.6769125,1.3809859,11.675225
2002-07-12,-0.17752914918703497,-0.984115542601034,16.416018125521106,73.75851,0.4095614,0.7303713,8.453453
2002-07-19,-0.2944616217868012,-0.9556633054034704,,87.00832,0.52160734,0.80404454,8.979059
2002-07-26,-0.4071294853542516,-0.9133704517637858,,82.2662,0.6410781,0.8350518,8.511141
2002-08-02,-0.5139010013093103,-0.8578494977869301,,75.39303,1.0610448,1.6119292,11.061595
2002-08-09,-0.6132298262997502,-0.7899045386224707,,71.308556,0.74460804,1.8313775,9.070473
2002-08-16,-0.7036774074790128,-0.7105196029692745,25.10175706406696,65.16998,0.84955734,1.6868553,8.944997
2002-08-23,-0.7839338166829201,-0.620844401650647,,72.15079,0.857378,2.3156786,7.4090433
2002-08-30,-0.8528367217694595,-0.522177676659508,8.829625633532203,67.83117,1.304294,1.9738581,8.589283
2002-09-06,-0.9093882203647925,-0.4159483918249421,,44.67729,1.17106,1.8608866,7.626487
2002-09-13,-0.9527692922168511,-0.30369503751065885,10.990261430654243,70.162094,0.80710155,1.068286,9.645542
2002-09-20,-0.9823516608469237,-0.18704334906991657,,67.52704,0.9390731,1.6382508,8.809146
2002-09-27,-0.9977068927101168,-0.06768276175455162,10.206533962900124,39.210674,1.0599687,1.9715313,6.3531814
2002-10-04,-0.9986126020839734,0.052658056924614005,,63.576206,0.9204429,1.9994774,7.798907
2002-10-11,-0.9850556718215013,0.172236243027682,,67.3912,1.460555,2.1085675,8.109691
2002-10-18,-0.957232443323312,0.2893199776186952,5.325881313756355,48.146404,1.0261071,2.1518016,6.853514
2002-10-25,-0.9155458729775467,0.40221356823680365,,43.27204,1.1094106,2.317442,7.130851
2002-11-01,-0.8605996962501181,0.5092820071573356,12.249636480475061,57.716206,0.9594716,1.3590441,6.928263
2002-11-08,-0.7931896839451843,0.6089746507720486,14.942730759618854,61.654785,0.875669,1.795508,5.974813
2002-11-15,-0.7142921172691032,0.699847677146407,,56.641693,0.93968636,1.4623821,6.4693213
2002-11-22,-0.6250496486104377,0.7805849965070866,,68.15439,0.90147555,1.1537493,7.054545
2002-11-29,-0.5267547528105542,0.8500173118187018,,42.09271,1.0265516,1.9420424,6.2586174
2002-12-06,-0.42083100859565564,0.9071390534005044,,61.089878,1.1405951,2.0690334,10.477316
2002-12-13,-0.30881248126625377,0.9511229423235357,,65.00369,0.97594124,1.5888728,9.847554
2002-12-20,-0.19232150523909483,0.9813319716704275,,59.698578,0.95308596,1.4892075,7.78458
2002-12-27,-0.07304518821104743,0.9973286321364752,,67.73151,1.0705843,1.5040656,8.086202
2003-01-03,0.051584366869408364,0.9986686402879997,,67.86023,1.354486,1.6801697,9.258165
2003-01-10,0.17117705961019986,0.985240282501282,,74.85768,1.1859163,1.5655212,9.654547
2003-01-17,0.2882906407095177,0.9575429528116719,,80.225044,1.0315329,1.3402424,9.616607
2003-01-24,0.4012289854475009,0.9159777842484877,10.896336794384723,67.83531,0.9737129,1.4976811,7.7034984
2003-01-31,0.5083564379375122,0.8611467540480452,,64.03939,1.0806183,1.8115067,8.487876
2003-02-07,0.6081214998935418,0.7938439653781019,,67.05449,1.7720766,2.5451367,9.328816
2003-02-14,0.6990793005655562,0.7150441465537444,6.577086881283094,67.62827,1.3938147,1.6497283,11.421782
2003-02-21,0.7799125224167177,0.6258885343075018,,68.005974,1.0805559,1.744897,10.572613
2003-02-28,0.8494504794814806,0.527668345562516,,67.72135,1.8376143,2.4833946,9.127744
2003-03-07,0.9066860720977985,0.4218060770826634,,71.960365,0.98895085,1.4941278,10.906444
2003-03-14,0.9507903724625832,0.3098349038318025,,68.79079,1.3914171,1.6126825,9.848089
2003-03-21,0.981124629771712,0.19337647441020586,,73.85643,0.9538616,1.4169499,7.8903103
2003-03-28,0.9972495210773451,0.07411742515094437,,68.48674,0.94898605,1.2991581,9.285832
2003-04-04,0.9989315138848577,-0.046215046983708354,,74.0418,0.75791574,0.8754446,9.612825
2003-04-11,0.986146248341595,-0.16587819893463143,23.460734144551566,77.34169,0.7158123,0.8388116,9.815704
2003-04-18,0.9590788900341131,-0.28313898122818354,2.467422130016047,71.58825,1.2353076,1.9848452,11.200505
2003-04-25,0.9181214482844365,-0.39629913726891813,,79.52204,0.94408035,1.9764245,9.306318
2003-05-02,0.8638670987837349,-0.503719798736334,,67.40296,1.2463084,2.057811,8.342992
2003-05-09,0.7971015927871943,-0.6038452208771035,,76.820465,1.2214841,1.8477131,10.481933
2003-05-16,0.7187918772884232,-0.6952253139408723,3.842339313136449,71.89458,1.2732226,2.9180474,9.521826
2003-05-23,0.6300720909843687,-0.7765366444428655,1.0792070634558115,67.6189,1.3845596,1.8704811,10.911406
2003-05-30,0.5322271388474397,-0.8466016020976267,11.860578597848615,69.30909,1.1820933,1.8841408,9.806419
2003-06-06,0.42667408318992467,-0.9044054548343001,,67.500916,1.0567142,1.6835488,8.268735
2003-06-13,0.31494162072895193,-0.9491110448902284,,68.19305,0.80148286,0.98419935,8.340782
2003-06-20,0.19864794288017112,-0.9800709131432666,,75.72368,0.5545255,0.83640534,11.201566
2003-06-27,0.07947729992362097,-0.9968366760893436,,76.52209,1.1854594,3.0634105,9.751126
2003-07-04,-0.04084439154329611,-0.9991655196610109,,74.34562,0.9619376,1.8453972,11.095515
2003-07-11,-0.16057454459499376,-0.9870237158387383,,63.372826,0.6297096,1.036194,9.153158
2003-07-18,-0.2779791393987801,-0.9605871111248129,,65.177284,1.3617041,1.8633187,9.273404
2003-07-25,-0.3913578365610259,-0.9202385798054075,12.499829045285281,62.069855,1.1444261,2.0752428,8.605746
2003-08-01,-0.4990686026885319,-0.8665624788845385,10.13048172370614,71.49339,0.945734,1.2353803,12.303383
2003-08-08,-0.5995514915196489,-0.8003361849976323,,78.208786,0.7863862,1.4813827,9.448661
2003-08-15,-0.6913512362094071,-0.722518835873311,,65.66268,0.7602873,1.490925,8.492497
2003-08-22,-0.7731383255706027,-0.6342374393978054,1.3972822702402539,73.72508,1.0128133,1.3202477,9.8325
2003-08-29,-0.8437282590292712,-0.5367705514607103,,68.580055,0.74846077,2.2075865,9.326064
2003-09-05,-0.9020987014301837,-0.4315297589714715,,68.80377,0.7446929,1.1681454,10.714469
2003-09-12,-0.9474042892438845,-0.32003923622313857,,70.08718,0.6183389,1.3199886,8.380414
2003-09-19,-0.9789888737409319,-0.20391367068311472,17.102703545663616,32.33487,0.60100454,1.33976,6.2896614
2003-09-26,-0.9963950238187231,-0.08483487790576538,6.653516575435674,43.77131,1.1592885,1.8787062,6.278431
2003-10-03,-0.9993706508539969,0.03547255575312556,,58.28315,0.9736779,1.5892342,8.204812
2003-10-10,-0.9878726596350429,0.15526624985999563,,62.801666,0.79590553,1.251839,6.769039
2003-10-17,-0.9620675724981452,0.27281126433401914,,82.54755,0.6484167,0.8441405,8.937825
2003-10-24,-0.9223291176290545,0.3864052261209853,,67.49008,1.2375085,1.5086108,9.125891
2003-10-31,-0.8692328164574792,0.4944029842076182,1.86432008461,42.59982,1.2424213,2.1286607,8.251526
2003-11-07,-0.8035476485339116,0.5952404359043674,,67.72953,0.673645,1.0638187,7.741105
2003-11-14,-0.7262249146041543,0.6874571793269664,,67.523315,1.0961765,1.3073723,8.308374
2003-11-21,-0.6383844591746642,0.769717664006921,,62.684525,1.117282,1.8731418,6.306962
2003-11-28,-0.5412984521036173,0.8408305333122887,,82.22484,0.8514148,1.5323093,9.254478
2003-12-05,-0.4363729641045924,0.8997658785476209,,54.69943,1.1977434,1.6783326,8.516389
2003-12-12,-0.3251276029999093,0.9456701548465688,,73.20252,0.8975077,1.4638506,8.801201
2003-12-19,-0.20917350564635637,0.9778785428342386,,67.547134,1.1842029,1.5329782,8.773158
2003-12-26,-0.09019000427034513,0.9959245770286599,,51.795155,1.2039161,1.8889221,6.9942555
2004-01-02,0.03439806061360801,0.9994082116062598,,73.58813,1.2537056,2.133131,8.322764
2004-01-09,0.1542040475626894,0.988039023376751,,59.175667,1.5746272,2.1505995,8.548564
2004-01-16,0.2717767384711357,0.9623603298276545,,63.883167,1.2793146,2.0618954,11.843946
2004-01-23,0.38541335945432564,0.9227440286201427,-0.5590401614341545,67.57299,1.1156564,2.0395377,7.386357
2004-01-30,0.49346814167723735,0.8697638720650646,10.218250608819659,42.154045,0.9043719,1.7074797,5.7981997
2004-02-06,0.5943761565849831,0.804187157621448,12.429899481290931,60.657715,0.8790521,1.4200093,7.3843756
2004-02-13,0.6866759803451553,0.726963615332308,,61.865444,0.9823743,1.3429154,6.7437525
2004-02-20,0.7690308592589181,0.6392116531380588,,69.094246,0.69029397,1.019564,7.480201
2004-02-27,0.8402480696078469,0.5422021592729844,,64.59454,0.96409833,1.3447282,8.121275
2004-03-05,0.8992961915530253,0.4373400963303323,,66.034,1.5853475,5.4479275,10.3755
2004-03-12,0.945320046913132,0.3261441535642696,,71.08832,1.4135643,4.0745754,9.13211
2004-03-19,0.9776530844816641,0.2102247521189836,,71.50088,0.7827119,1.1213928,8.106569
2004-03-26,0.9958270335100595,0.09126072172931188,,67.36919,1.8251226,2.8701534,9.765233
2004-04-02,0.9995786855478958,-0.029025013321975237,-29.591994110003128,67.54634,1.36938,1.6153674,9.720614
2004-04-09,0.9888537064205885,-0.1488903868564548,,67.548256,1.3286487,1.7988888,9.132421
2004-04-16,0.9638074231367307,-0.26659942067929354,-16.84635597772788,67.907585,0.8452856,1.861481,10.368901
2004-04-23,0.9248025743285089,-0.38044736628785164,-17.40865894625412,67.94731,1.4340566,1.8402858,11.536922
2004-04-30,0.8724040568049612,-0.48878539428899265,-5.612989231441901,65.169365,0.6717386,1.1027085,8.341023
2004-05-07,0.8073707443023492,-0.5900444739548627,-0.6839664804219012,62.373756,0.74456376,0.9551869,9.663263
2004-05-14,0.7306444969184916,-0.6827580970759147,-3.317935253503947,68.86764,0.89675003,1.2640536,12.003596
2004-05-21,0.6433365204044917,-0.765583517007675,12.950609608513076,83.71568,0.42519832,0.59355956,9.672923
2004-05-28,0.5467112728685939,-0.8373211953118121,6.960058957544646,79.47756,0.55400676,0.97333324,8.064394
2004-06-04,0.44216815196707204,-0.8969321743510065,,75.23167,0.5459388,0.8952209,8.09917
2004-06-11,0.3312212278016865,-0.9435531242349544,,67.689674,0.9099862,1.1333464,8.149439
2004-06-18,0.21547731504673012,-0.976508846196619,,67.5,1.1038253,1.5099113,9.922494
2004-06-25,0.0966127018812031,-0.9953220513156602,,67.60163,0.6742068,0.8162105,9.837613
2004-07-02,-0.023651127245231586,-0.9997202729664083,2.932568082602131,67.503685,0.80953544,1.1589028,9.501666
2004-07-09,-0.1435724234118113,-0.9896398128792412,11.061117785904202,78.93852,0.5394492,1.2442671,8.60472
2004-07-16,-0.2614143985111562,-0.965226663665613,,68.78054,1.3479874,2.361075,11.032917
2004-07-23,-0.3754703786876202,-0.9268343944460494,,71.45905,0.8292079,1.0367621,10.844616
2004-07-30,-0.48408852163897587,-0.8750190302029955,,65.75353,0.671865,1.4059802,7.3533354
2004-08-06,-0.5856957398073508,-0.8105309990194823,10.026002803240004,59.25858,0.66212493,1.6536793,7.568194
2004-08-13,-0.6788204829862357,-0.734304263829602,18.476237201096154,79.99228,0.47801414,1.551178,8.113987
2004-08-20,-0.7621140503891487,-0.6474427960827475,-1.0897111321018258,74.44968,0.7778476,1.1911104,9.357607
2004-08-27,-0.8343701235229537,-0.5512045872199277,22.991892504707977,59.261696,0.51924604,1.0495085,6.5114174
2004-09-03,-0.8945422369764496,-0.4469834295196742,,53.23027,1.0170912,1.9628061,6.908331
2004-09-10,-0.9417589340994617,-0.33628873017668287,3.8043358896807717,68.93435,1.2758155,2.1383777,7.767961
2004-09-17,-0.9753363880767837,-0.2207236509605022,,67.56349,1.110827,1.680539,11.703413
2004-09-24,-0.994788305609327,-0.10196189005174576,,62.161274,0.6630856,1.1467215,7.7465763
2004-10-01,-0.999832969770105,0.018276557681691223,15.009395990090297,32.749527,0.9792368,1.6245804,5.73976
2004-10-08,-0.9903973200352558,0.13825031091098192,8.312745542631035,66.1424,0.6083028,0.92863065,7.911363
2004-10-15,-0.9666180104000972,0.2562218218071163,,57.97182,0.90252113,1.7584758,6.630432
2004-10-22,-0.9288394302558068,0.3704825404820963,,66.81992,1.8485878,2.9614482,8.366408
2004-10-29,-0.8776087166898392,0.4793776594606945,-1.61402223867276,70.16791,1.0164237,1.585266,9.076937
2004-11-05,-0.8136678304455991,0.5813300798152042,,68.92877,1.2309426,1.8430647,7.7503314
2004-11-12,-0.7379428103031386,0.6748632518680403,-7.927353363334191,67.61234,1.3924181,1.9270296,10.027505
2004-11-19,-0.6515303615068021,0.75862255966641,,54.45035,0.9657373,1.4401182,8.362424
2004-11-26,-0.5556819724760489,0.8313949395234058,,85.3047,0.7945049,1.0425432,8.279857
2004-12-03,-0.451785789832884,0.8921264484954345,-21.935498896014224,54.030354,0.936777,1.5333797,7.0047083
2004-12-10,-0.34134651424503615,0.9399375283564133,,69.31856,1.6749846,2.4175258,7.5451064
2004-12-17,-0.22596360824801906,0.974135744004672,,65.73651,0.8071426,1.6015612,7.617792
2004-12-24,-0.10730813165636247,0.9942258118156161,,49.932594,0.7896169,1.3572634,7.356746
2004-12-31,0.012901459949419653,0.9999167727021953,,78.66923,0.65649104,1.1010481,8.354425
2005-01-07,0.1201261651823505,0.9927586335250793,,53.20035,0.95696765,1.4755918,6.8586454
2005-01-14,0.23851257519407648,0.9711394088771653,,76.39105,1.2214018,2.05147,8.176548
2005-01-21,0.3534446712740877,0.9354554315134164,,69.758255,1.3150809,1.7991331,8.296752
2005-01-28,0.4632579225674917,0.88622350294858,,68.181946,1.6215682,2.2723546,8.412112
2005-02-04,0.5663619330814524,0.8241566360566663,,70.821304,1.3291582,1.8709953,11.394521
2005-02-11,0.6612634749656386,0.7501537286959042,,68.11492,0.9782349,1.6131775,10.636961
2005-02-18,0.746588114532413,0.6652865452111116,,67.68519,1.0729338,1.3802313,8.565208
2005-02-25,0.8211001178128892,0.5707841943569036,-3.7124739893880303,67.632065,1.4317139,1.9259205,11.498178
2005-03-04,0.8837203473619977,0.4680153284438345,-3.1475004438990766,67.73507,1.1058713,1.3329725,8.430314
2005-03-11,0.9335418911179212,0.35846832151248087,,67.60304,1.1042286,1.6247193,10.095072
2005-03-18,0.969843196967294,0.24372971360968387,,67.85353,1.2805318,1.5514876,9.791018
2005-03-25,0.992098522791769,0.12546123335273648,,89.49424,0.6862401,1.1027231,10.385406
2005-04-01,0.9999855506507186,0.005375731557583884,,93.29712,0.51812255,0.62391835,9.040523
2005-04-08,0.9933900548258936,-0.11478762552212701,,67.47396,1.2064677,1.7934479,8.325507
2005-04-15,0.9724075561219968,-0.23328854407545518,12.771762536876878,67.88839,1.283691,1.6743351,9.604298
2005-04-22,0.9373419384643772,-0.3484108069446808,,67.676956,1.4212576,1.6803548,10.598162
2005-04-29,0.8887010478292915,-0.45848712914008766,,67.40296,1.1727849,1.5182487,8.60017
2005-05-06,0.8271893372462497,-0.5619233046832195,,71.51375,1.2400773,1.9539107,8.596819
2005-05-13,0.753697664392914,-0.6572212950663319,,77.644554,1.0053447,1.9655726,8.258337
2005-05-20,0.6692903895412567,-0.7430009249440493,,84.893906,0.9589613,1.651714,11.250448
2005-05-27,0.5751899607119775,-0.8180198708443175,,79.4506,0.51351136,0.7293644,9.931514
2005-06-03,0.47275920928627757,-0.881191653407483,15.828657423160962,87.169716,0.53789437,0.7346467,12.917152
2005-06-10,0.36348161248290634,-0.9316013725767187,26.47633074563177,58.46982,0.68939066,1.155119,7.2555366
2005-06-17,0.24893980855376657,-0.9685189578512204,,67.56824,1.7243122,2.3540027,12.244514
2005-06-24,0.13079267585675922,-0.9914097417023038,,59.76245,0.6996448,1.581319,10.157431
2005-07-01,0.01075130776352193,-0.9999422030204416,,68.704895,1.9210379,4.381662,8.808926
2005-07-08,-0.10944576864891556,-0.993992768446958,-0.4012166359979972,67.51013,0.99648595,1.7452075,9.299185
2005-07-15,-0.2280577712215198,-0.9736476020539838,,70.30462,0.75502634,1.3382126,10.134808
2005-07-22,-0.34336687399638804,-0.939201357453208,5.156477981337929,89.172585,0.68824166,1.1600502,8.775732
2005-07-29,-0.45370308603134424,-0.8911529104063088,10.829835294007637,67.5,0.8407352,1.068668,8.461556
2005-08-05,-0.5574684374327892,-0.8301981337405212,,71.77311,0.8443172,1.4165794,8.669331
2005-08-12,-0.65316012232693,-0.7572198192083127,,80.535736,0.52502155,0.7660536,11.085466
2005-08-19,-0.7393922635959241,-0.673274892250183,4.893241081494892,69.92795,0.8062222,1.2244866,7.7804427
2005-08-26,-0.8149159841660791,-0.5795791048257612,,67.0047,0.88588315,1.3757297,10.855196
2005-09-02,-0.8786374941610001,-0.4774894280028391,,72.25072,1.3082776,1.6505582,9.071758
2005-09-09,-0.9296339319682695,-0.3684843993077793,,67.57794,0.98205674,1.6307924,9.01689
2005-09-16,-0.9671667297977312,-0.2541427094613622,7.4405053066784035,53.318817,0.86985195,1.8017176,8.116969
2005-09-23,-0.9906923101615609,-0.13612033862266704,,83.451965,0.54033864,0.9853827,7.8523417
2005-09-30,-0.9998699583618592,-0.016126573270657762,,47.408947,1.1040629,1.7726706,6.5767603
2005-10-07,-0.9945667569706337,0.1041007489354256,,65.4363,0.8385371,1.2641094,8.945938
2005-10-14,-0.9748595108374125,0.22282040779479959,,51.920235,0.8574012,2.4396446,6.017104
2005-10-21,-0.9410336347451197,0.3383130181923075,,81.711266,1.039415,1.4894687,8.870208
2005-10-28,-0.8935790198239952,0.4489059314938798,-1.2292659616405217,55.99436,1.3329384,1.8972259,7.7049203
2005-11-04,-0.8331829385891785,0.5529974600700271,,67.96617,1.2478787,1.623565,9.068778
2005-11-11,-0.7607200913564104,0.6490800741100398,,60.414276,1.0993748,1.6344006,7.024813
2005-11-18,-0.6772399381909491,0.7357622347736525,-14.926302666287,75.70597,0.95267975,1.5322287,8.368589
2005-11-25,-0.5839514998576998,0.8117885474764613,,75.00442,0.8268627,1.1453735,8.065178
2005-12-02,-0.4822058478963526,0.8760579434344281,,69.63111,1.186403,1.9348058,7.2424912
2005-12-09,-0.37347653741307074,0.9276396261490467,-1.0076267131061627,42.705193,1.1327133,1.8229066,6.630897
2005-12-16,-0.2593382659754056,0.9657865518844574,,67.88991,0.7101285,1.3407742,8.032725
2005-12-23,-0.14144406768794202,0.9899462489023779,14.12673145486849,51.901745,0.81164014,1.3402015,7.5865946
2005-12-30,-0.021501372740813793,0.999768818762748,2.487175018015762,34.893707,0.94286156,1.6297382,5.9001045
2006-01-06,0.10303137904317879,0.9946781061893646,,68.687195,1.0289519,1.5420928,6.8592806
2006-01-13,0.22177215755648186,0.975098513039961,,72.39547,1.5483395,2.2047722,8.938843
2006-01-20,0.3373010691361842,0.9413968285264122,,69.376526,1.1166174,1.5593171,9.407349
2006-01-27,0.44794493940789115,0.8940611451454876,,73.25414,1.0485559,1.3940493,8.882885
2006-02-03,0.5521013427459208,0.8337770129585915,-2.181426440996404,73.35988,0.97879535,1.1613944,9.417246
2006-02-10,0.6482618097757122,0.7614175109532997,,73.243614,1.0515685,1.3537579,8.356338
2006-02-17,0.7350336741329412,0.6780306024735382,,70.62904,0.9261478,1.2138293,7.6919413
2006-02-24,0.8111602420785621,0.5848239578463322,,67.762566,1.2696748,1.5894557,10.385907
2006-03-03,0.8755389928586302,0.4831474640149687,,66.11642,1.8952444,3.2762733,9.839249
2006-03-10,0.9272375462179537,0.374473674486883,,62.455257,1.2314879,3.630933,9.00326
2006-03-17,0.9655071658143364,0.2603764827344581,,64.097084,1.2516536,1.7045013,9.021504
2006-03-24,0.9897936029670716,0.14250832791617088,,63.932426,1.2952117,1.6603396,9.533205
2006-03-31,0.9997451236925734,0.022576263041545485,-6.918985695011628,73.43086,1.0469725,2.2852767,10.504251
2006-04-07,0.9952176027737294,-0.09768276782171598,,45.78007,0.708068,1.1649147,6.9250298
2006-04-14,0.9762766110869321,-0.21652708524481437,,70.937454,0.56671375,0.9874396,10.630514
2006-04-21,0.9431964659565866,-0.33223549871590435,,67.47648,1.1792061,1.4627459,9.334555
2006-04-28,0.8964562582905575,-0.44313223418263453,-29.42203976215322,67.544205,1.4283382,1.8825719,12.518183
2006-05-05,0.8367329140344921,-0.5476112038402312,-6.981840902960499,68.0945,0.5633284,0.9883778,10.827062
2006-05-12,0.7648913904341226,-0.6441592666722685,2.640622068561015,76.67964,0.44041342,0.98991865,8.576137
2006-05-19,0.6819721490904629,-0.7313781428679254,,83.62521,0.712635,1.0241075,7.9482737
2006-05-26,0.5891760872322963,-0.8080046647350754,,71.70313,0.7041618,1.245757,7.412957
2006-06-02,0.4878471454423119,-0.8729290708206411,,67.714905,0.79636866,1.2593671,11.763795
2006-06-09,0.37945284372454435,-0.925211078289358,-2.0812835782944887,88.56627,0.524092,0.7785125,8.323418
2006-06-16,0.26556302780405594,-0.9640935007889755,-9.419635584045864,66.32371,1.0146477,2.0637085,9.243297
2006-06-23,0.14782713347053048,-0.9890132145779883,,77.8467,0.9599748,1.2952167,7.9489617
2006-06-30,0.02795029824021032,-0.999609314096404,,81.06764,0.69645566,1.2494024,9.050329
2006-07-07,-0.09233133369539123,-0.9957283388645872,-5.725051019318585,70.72333,0.9794435,1.6380817,11.784052
2006-07-14,-0.2112757555821793,-0.9774264960104055,,53.838356,0.6187189,1.1343486,7.2900095
2006-07-21,-0.3271603271220951,-0.9449688462364056,,63.325798,1.1655451,1.8319863,10.904445
2006-07-28,-0.4383067230125192,-0.898825465016444,,69.547386,1.9124583,3.456144,9.3812
2006-08-04,-0.5431052396834317,-0.8396646346181327,-4.9756260528391465,66.707924,0.9624349,2.0872934,9.122268
2006-08-11,-0.6400381082043503,-0.7683431655492202,-27.99361530254754,84.05355,1.0185924,1.7430159,10.534593
2006-08-18,-0.7277014757264236,-0.6858939875998223,-4.709769575650029,85.87318,0.47397596,1.209823,9.285677
2006-08-25,-0.8048257371083452,-0.593511190196115,-1.2564901353644586,58.613106,0.9039884,1.2164271,7.6704187
2006-09-01,-0.8702939222685674,-0.49253272872205434,,68.5245,1.350918,2.162773,7.8622293
2006-09-08,-0.9231578729647039,-0.38442104726885545,-9.546332297514766,66.27374,1.1178522,1.6947379,9.286899
2006-09-15,-0.9626519747161487,-0.2707418984477642,,80.00872,0.96841866,1.6597908,7.809002
2006-09-22,-0.9882042449941422,-0.15314166701312007,,67.533516,1.0414038,1.5728465,6.4391656
2006-09-29,-0.9994446170919858,-0.033323525711631344,,67.04066,1.2898147,1.7424294,8.373925
2006-10-06,-0.9962102997023297,0.0869772313136861,5.7300841946756975,74.75685,0.7215668,0.917566,9.154666
2006-10-13,-0.9785481345802031,0.20601832032517084,,71.65569,0.9280205,1.3196689,7.5968366
2006-10-20,-0.9467139181463862,0.3220757010206104,,67.35885,1.4028307,1.8133358,7.7221155
2006-10-27,-0.9011686968561569,0.4334685453485363,,58.295933,1.100467,1.611508,7.8078556
2006-11-03,-0.8425720899866032,0.5385835804920232,,66.15461,1.0680822,1.6661437,7.977004
2006-11-10,-0.7717727365467837,0.6358984534680745,7.907048966561177,67.761215,1.0434966,1.3409966,8.620567
2006-11-17,-0.6897960046655887,0.7240037789593305,,59.842228,1.0366564,2.038777,6.9915233
2006-11-24,-0.5978291414589552,0.801623551065242,10.22338841047025,70.656044,1.0008814,1.5745485,8.882597
2006-12-01,-0.4972040784469378,0.8676336233547726,,61.907707,1.1048812,1.6128689,7.69399
2006-12-08,-0.3893781415452015,0.9210779895789526,,68.06608,1.0311308,1.5179108,7.444577
2006-12-15,-0.27591294500296043,0.9611826292540837,,58.386078,1.0379038,1.4084239,6.7923975
2006-12-22,-0.15845177496083632,0.9873667175937016,,79.701645,0.874584,1.2473342,7.8639746
2006-12-29,-0.03869579017652689,0.9992510374388481,,59.804432,1.0044962,1.6814754,7.818626
2007-01-05,0.08590610426133272,0.9963032375991965,,66.22994,1.1119014,1.7224809,7.4738975
2007-01-12,0.20496611396949532,0.9787690698649216,,67.18506,1.2102995,1.9444611,8.847562
2007-01-19,0.321057654185271,0.9470596510722283,,65.95384,1.0336182,1.370192,9.665247
2007-01-26,0.4324994021339788,0.901634220265486,2.8675461598513152,67.56993,1.1427469,1.782141,8.721483
2007-02-02,0.5376773767406141,0.8431506618282,,66.2292,0.94102716,1.7453123,7.464976
2007-02-09,0.6350683134867438,0.7724559775191742,4.814461349485413,68.2907,0.9067891,1.3609153,9.189921
2007-02-16,0.7232617254437388,0.6905740195722293,,68.01837,1.5265917,1.9024698,11.5321245
2007-02-23,0.8009803309782905,0.5986906625177214,,67.74368,1.3148162,1.7103208,8.514752
2007-03-02,0.8670985522812081,0.4981366284784055,,67.5,1.4463176,1.9175377,8.790959
2007-03-09,0.9206588168102428,0.3903682146763026,,67.49607,1.6371294,1.9895879,9.915047
2007-03-16,0.9608854255574977,0.27694620226893646,,67.690414,0.93920153,1.1242658,9.9385605
2007-03-23,0.9871957872910085,0.15951325197263655,1.600812064407421,67.54521,1.0307194,1.2848576,8.396975
2007-03-30,0.9992088560679753,0.03977011384605572,,73.824265,1.2612069,1.6788509,9.899403
2007-04-06,0.9967506498213929,-0.08054900421874167,,67.762474,0.94716156,1.0557317,9.223899
2007-04-13,0.9798567700958665,-0.1997015525660636,,82.66144,0.80099267,0.98719233,9.310398
2007-04-20,0.9487718864399473,-0.31596187665790293,23.483623743500175,70.536835,0.65432084,1.0468227,6.469975
2007-04-27,0.9039461929224011,-0.42764620926777464,,67.5,0.9113837,1.0269252,8.680797
2007-05-04,0.8460288880917339,-0.533137056031809,,58.063175,0.6828481,1.0870897,8.147642
2007-05-11,0.7758587728069828,-0.6309066211876704,34.7119100779571,62.829113,1.2716414,1.9224128,8.3311405
2007-05-18,0.6944521021088763,-0.719538934232584,,63.433235,1.1729594,1.8696055,9.153023
2007-05-25,0.6029878670694714,-0.7977503570459932,,66.55246,0.6414321,1.0152295,7.36961
2007-06-01,0.5027907197793043,-0.8644081744776648,16.667922870764727,67.59135,1.0734152,1.4617256,8.048907
2007-06-08,0.3953117887649151,-0.9185469991587165,,67.51154,1.022734,1.7280116,8.510561
2007-06-15,0.2821076626819194,-0.9593827529490743,11.178944097755561,86.84998,0.55453825,0.95259994,9.081116
2007-06-22,0.16481784665719793,-0.9863240225317866,,84.256676,0.7433171,1.3691854,9.91219
2007-06-29,0.04514101777397193,-0.9989806246941579,,71.739,1.1135539,1.954242,10.950625
2007-07-06,-0.07518957641475855,-0.9971692572470178,28.042151498458963,63.915993,0.47392955,0.88701767,8.898389
2007-07-13,-0.19443122004766195,-0.9809161537413774,20.968238268394458,86.33112,0.75853145,1.2660145,10.877589
2007-07-20,-0.3108569682435036,-0.9504567035349151,22.258622517220573,84.00491,0.5504762,0.7926473,10.92542
2007-07-27,-0.4227806579826773,-0.9062320427107697,37.90553610911465,78.25848,0.8397725,1.28035,7.968917
2007-08-03,-0.5285813283559292,-0.8488826652214553,21.975775259080507,64.48151,0.9202121,1.2964087,9.783732
2007-08-10,-0.6267266965083301,-0.7792391467859886,,56.99067,0.53113914,0.90666074,7.655979
2007-08-17,-0.7157953492826642,-0.6983101158835584,,58.687508,0.7190685,1.3478271,7.2656884
2007-08-24,-0.7944973291665992,-0.6072676460566135,,64.90212,2.3261464,4.092899,10.063382
2007-08-31,-0.8616928164028521,-0.5074302810827518,-18.658535711013144,66.610886,1.388094,3.3614612,10.155743
2007-09-07,-0.9164086366943458,-0.4002439388573056,,67.48109,1.4864322,2.2207665,9.140907
2007-09-14,-0.9578523554276669,-0.28726097055059635,,62.415375,1.2646459,1.8820975,9.179487
2007-09-21,-0.9854237542919524,-0.17011767832049052,0.7466825600594973,66.25134,0.84399676,1.2036225,8.7484865
2007-09-28,-0.9987235240803972,-0.050510617185222886,,48.86064,0.8109195,1.1511015,7.9085913
2007-10-05,-0.9975590477788613,0.06982797572987089,-0.02849019882538073,50.407516,0.79544556,1.4178083,6.4666677
2007-10-12,-0.981947190186646,0.18915526872004093,,45.91148,1.0921906,1.8728411,6.3745217
2007-10-19,-0.9521140536681102,0.3057430764672831,,69.83019,0.7855784,1.2113581,7.330726
2007-10-26,-0.9084917035725082,0.41790288888678667,,67.449265,1.3269536,1.9622406,8.350972
2007-11-02,-0.8517119107469189,0.5240103253675756,,61.338757,1.3271135,1.6704296,7.784962
2007-11-09,-0.7825970017677834,0.6225286602431057,,74.00763,1.1982007,1.9352295,9.470866
2007-11-16,-0.7021479494046978,0.712031078778713,,68.08312,1.2389284,2.1407526,9.645196
2007-11-23,-0.6115298757991053,0.7912213413483807,,67.860634,1.0205727,1.5063369,8.062256
2007-11-30,-0.5120551783114646,0.8589525565270845,,68.04347,1.1633844,1.5010535,9.447539
2007-12-07,-0.4051645224207563,0.9142437912130223,,68.046234,0.9787071,1.3695838,9.537589
2007-12-14,-0.29240597695107734,0.9562942772197719,-1.6172171309941064,74.293915,1.0642638,1.4973723,9.842407
2007-12-21,-0.17541259380427843,0.9844950085880858,,67.75539,1.1302987,1.4959944,10.179501
2007-12-28,-0.05587875690537313,0.9984375616565666,,67.20675,1.1736345,2.1346343,8.368709
2008-01-04,0.06875540848113941,0.9976335468520451,,66.320274,3.0089798,3.5626774,11.175356
2008-01-11,0.18809941761179758,0.9821499931752291,,67.72444,1.4348332,2.2889283,9.866714
2008-01-18,0.3047192331091634,0.9524422234305676,,67.65705,1.610258,1.8658707,9.986129
2008-01-25,0.4169258813287287,0.908940487313808,,67.890976,1.3892257,2.1393795,10.657724
2008-02-01,0.5230943033491326,0.8522748088519838,,67.645645,1.3579986,1.6683964,10.728674
2008-02-08,0.6216868902665479,0.7832658619336791,,67.482506,1.8189185,2.1886864,11.470123
2008-02-15,0.7112757519738152,0.7029130847082615,,76.859,1.0574174,2.2094445,8.151066
2008-02-22,0.7905633969115482,0.612380204990065,,76.316345,1.4587858,2.6642182,8.463106
2008-02-29,0.8584015232918917,0.512978386299228,,71.24117,0.89730054,1.1531227,9.4945755
2008-03-07,0.9138076496466615,0.4061472386305789,-9.121285048057388,85.84822,0.6610233,0.94913155,8.825325
2008-03-14,0.9559793438440766,0.2934339689665273,,66.36117,1.3504084,1.7520721,8.518037
2008-03-21,0.984305844499033,0.17647097349152166,-10.528049750419228,67.775925,1.2865256,1.5387765,8.336598
2008-03-28,0.998376906467142,0.056952196034039754,,67.62085,1.0190477,1.392815,8.767961
2008-04-04,0.9979887423155984,-0.06339140486951038,,69.771706,0.83493316,0.96253014,8.917842
2008-04-11,0.9831469737221499,-0.1828169249850199,,75.54503,1.0724398,1.268603,7.9871287
2008-04-18,0.9540665500578387,-0.2995947563972602,,75.732315,1.0405997,1.5432758,9.464771
2008-04-25,0.9111686353326631,-0.41203363695942635,,67.8875,1.6249357,2.144814,10.642344
2008-05-02,0.8550745085896932,-0.518505144391157,-4.00700333274915,67.44127,0.66624516,1.3901958,8.49882
2008-05-09,0.7865965660866021,-0.6174672802835514,5.829212635353514,83.06951,0.5681936,0.7261616,11.4432535
2008-05-16,0.7067265555776159,-0.7074868024503348,,87.14468,0.4945186,0.7349363,7.321804
2008-05-23,0.6166212130956382,-0.7872599821916922,6.423835506656701,69.972565,0.80471385,1.3022257,9.216142
2008-05-30,0.5175855102531889,-0.8556314858488706,,70.12749,0.826755,2.4376335,11.143634
2008-06-06,0.4110537546870351,-0.9116111071930239,,60.915985,1.9453049,3.2613683,8.964592
2008-06-13,0.2985688173637202,-0.9543881083175908,,74.278305,1.1324099,1.6943477,8.245844
2008-06-20,0.18175978759137534,-0.9833429613388902,,70.24707,1.087085,1.3758157,11.338079
2008-06-27,0.062318379354325076,-0.998056320853012,-3.628446294618982,78.847374,0.61786515,1.1832988,11.670851
2008-07-04,-0.05802556932878035,-0.9983150972033183,,76.95956,0.44409797,1.1778854,7.1370063
2008-07-11,-0.17752914918703497,-0.984115542601034,,69.527916,1.1327127,1.551912,7.7529135
2008-07-18,-0.2944616217868012,-0.9556633054034704,,67.51473,1.0808682,1.2359198,8.88221
2008-07-25,-0.4071294853542516,-0.9133704517637858,,63.03722,1.1918179,2.5923712,9.879845
2008-08-01,-0.5139010013093103,-0.8578494977869301,,78.29886,0.73654854,1.5256771,10.134881
2008-08-08,-0.6132298262997502,-0.7899045386224707,,70.320984,0.41177854,0.78975165,8.427015
2008-08-15,-0.7036774074790128,-0.7105196029692745,4.9035057731233,81.51209,0.43102118,0.49078003,9.703395
2008-08-22,-0.7839338166829201,-0.620844401650647,,73.75994,0.61477757,1.2492168,8.202084
2008-08-29,-0.8528367217694595,-0.522177676659508,,83.08141,0.6101058,0.9108838,9.280522
2008-09-05,-0.9093882203647925,-0.4159483918249421,,56.706306,1.5717988,3.4547222,8.807209
2008-09-12,-0.9527692922168511,-0.30369503751065885,,67.76408,1.0608399,2.1838667,11.2894
2008-09-19,-0.9823516608469237,-0.18704334906991657,,67.58977,1.3430372,1.8375124,9.149526
2008-09-26,-0.9977068927101168,-0.06768276175455162,-9.061241163083878,51.09454,1.180728,1.6814145,7.225507
2008-10-03,-0.9986126020839734,0.052658056924614005,-12.593532184859754,57.126896,1.1784914,1.7029145,7.5913944
2008-10-10,-0.9850556718215013,0.172236243027682,7.911269656497154,54.621937,1.095795,1.8427838,7.3451624
2008-10-17,-0.957232443323312,0.2893199776186952,,65.08159,1.0590404,1.4740175,7.6365705
2008-10-24,-0.9155458729775467,0.40221356823680365,-7.604202998423659,76.750046,0.9859342,1.713643,9.546952
2008-10-31,-0.8605996962501181,0.5092820071573356,-6.058849774797949,66.16317,0.9859399,1.6856709,6.7113214
2008-11-07,-0.7931896839451843,0.6089746507720486,,68.62018,0.81243706,1.2570013,7.120958
2008-11-14,-0.7142921172691032,0.699847677146407,,69.07478,1.3054667,1.9662983,8.421156
2008-11-21,-0.6250496486104377,0.7805849965070866,,71.48509,1.2708043,1.9889323,8.385165
2008-11-28,-0.5267547528105542,0.8500173118187018,-7.973495531091629,57.040073,0.9291894,1.931544,8.4740095
2008-12-05,-0.42083100859565564,0.9071390534005044,-1.5921226120279641,41.163662,0.89874595,1.8096205,7.112914
2008-12-12,-0.30881248126625377,0.9511229423235357,-16.831946648994744,59.591343,0.9968005,1.513009,8.711284
2008-12-19,-0.19232150523909483,0.9813319716704275,-5.380288879963672,41.80419,0.8926829,1.5584025,7.26549
2008-12-26,-0.07304518821104743,0.9973286321364752,,70.10977,0.8502463,1.1395105,8.201743
2009-01-02,0.03439806061360801,0.9994082116062598,,59.04755,1.0542315,1.3317055,7.751821
2009-01-09,0.1542040475626894,0.988039023376751,,68.10367,1.4374099,1.668275,8.61555
2009-01-16,0.2717767384711357,0.9623603298276545,,63.888626,1.4667815,1.8843783,10.388281
2009-01-23,0.38541335945432564,0.9227440286201427,,73.50353,1.0303004,1.6962214,6.21108
2009-01-30,0.49346814167723735,0.8697638720650646,-5.959674872342703,66.83868,1.2604983,1.8484844,7.846967
2009-02-06,0.5943761565849831,0.804187157621448,-5.178922957205799,66.94016,1.4765731,1.6531978,8.738152
2009-02-13,0.6866759803451553,0.726963615332308,,73.170715,1.3001957,2.1891267,8.2933855
2009-02-20,0.7690308592589181,0.6392116531380588,,72.30385,1.4067923,3.5547545,8.645276
2009-02-27,0.8402480696078469,0.5422021592729844,-3.4315214977368385,67.56844,1.0030285,1.1791329,7.5247946
2009-03-06,0.8992961915530253,0.4373400963303323,-0.5118222771322678,66.08187,0.88713944,1.3183266,8.490995
2009-03-13,0.945320046913132,0.3261441535642696,,63.422043,1.6318138,2.5397716,8.805312
2009-03-20,0.9776530844816641,0.2102247521189836,5.746894474488045,64.857025,1.035729,1.4221656,8.100947
2009-03-27,0.9958270335100595,0.09126072172931188,,67.65061,1.3989217,1.7766988,9.137266
2009-04-03,0.9995786855478958,-0.029025013321975237,-33.597248251410576,67.603645,2.5761573,4.3995233,10.487216
2009-04-10,0.9888537064205885,-0.1488903868564548,,67.605774,1.7055613,2.3521898,11.980017
2009-04-17,0.9638074231367307,-0.26659942067929354,-18.43634660853104,67.23831,1.5616382,2.0105386,9.527827
2009-04-24,0.9248025743285089,-0.38044736628785164,,75.1396,1.6093088,2.5154126,11.504555
2009-05-01,0.8724040568049612,-0.48878539428899265,,61.496872,0.859001,1.1902732,9.942431
2009-05-08,0.8073707443023492,-0.5900444739548627,,75.46009,0.7612918,1.0254416,10.79955
2009-05-15,0.7306444969184916,-0.6827580970759147,,80.97372,0.58430356,0.8819483,12.159006
2009-05-22,0.6433365204044917,-0.765583517007675,,61.58133,2.4670427,6.017832,10.233779
2009-05-29,0.5467112728685939,-0.8373211953118121,,73.03362,1.7685935,5.7964544,11.6702795
2009-06-05,0.44216815196707204,-0.8969321743510065,,77.3717,1.056332,1.6479465,7.7860966
2009-06-12,0.3312212278016865,-0.9435531242349544,-0.35919012005300033,74.748276,0.57396096,1.101775,8.84512
2009-06-19,0.21547731504673012,-0.976508846196619,-41.63402824999406,62.612885,0.7159699,2.1474078,11.236841
2009-06-26,0.0966127018812031,-0.9953220513156602,,67.25019,1.9249303,2.7042239,9.356883
2009-07-03,-0.023651127245231586,-0.9997202729664083,-17.656982311630202,66.25788,0.6497236,1.1767622,9.46564
2009-07-10,-0.1435724234118113,-0.9896398128792412,,84.828964,0.8232186,1.7814918,9.608037
2009-07-17,-0.2614143985111562,-0.965226663665613,,74.30393,1.1547679,2.5265112,11.881913
2009-07-24,-0.3754703786876202,-0.9268343944460494,-53.33639213401622,65.2195,0.67183757,1.3121101,7.3730597
2009-07-31,-0.48408852163897587,-0.8750190302029955,,64.50126,0.5985517,1.2676091,8.852725
2009-08-07,-0.5856957398073508,-0.8105309990194823,-26.819625203714367,67.71024,0.6380364,1.0644706,9.052309
2009-08-14,-0.6788204829862357,-0.734304263829602,-23.097905412037704,67.80083,1.4043316,1.9968394,11.075162
2009-08-21,-0.7621140503891487,-0.6474427960827475,,65.50406,1.011225,1.4714141,10.182034
2009-08-28,-0.8343701235229537,-0.5512045872199277,-22.082172356596033,43.24619,0.8908993,1.8051671,8.95071
2009-09-04,-0.8945422369764496,-0.4469834295196742,,59.260788,0.92808425,1.8237095,8.452079
2009-09-11,-0.9417589340994617,-0.33628873017668287,-28.15570365942375,67.7795,1.2998192,1.8917352,9.410209
2009-09-18,-0.9753363880767837,-0.2207236509605022,-22.103241457343444,67.7623,1.2414111,1.6891935,10.188075
2009-09-25,-0.994788305609327,-0.10196189005174576,-16.59343120781176,52.15455,0.949757,2.2227404,8.203758
2009-10-02,-0.999832969770105,0.018276557681691223,-22.64439075089308,50.35054,0.7881588,1.5682375,7.793152
2009-10-09,-0.9903973200352558,0.13825031091098192,,73.31569,0.96326727,1.37376,11.122638
2009-10-16,-0.9666180104000972,0.2562218218071163,,48.746094,1.0199544,2.0468664,8.416454
2009-10-23,-0.9288394302558068,0.3704825404820963,,76.1644,0.7074607,1.1729096,6.2540436
2009-10-30,-0.8776087166898392,0.4793776594606945,,54.17275,1.0254141,1.4593173,6.667612
2009-11-06,-0.8136678304455991,0.5813300798152042,-17.688796958188505,52.95051,0.82335633,1.3063937,5.851251
2009-11-13,-0.7379428103031386,0.6748632518680403,-15.576514884511084,61.92949,1.1091516,1.8340725,7.5976753
2009-11-20,-0.6515303615068021,0.75862255966641,,52.08506,0.8087287,1.5845634,6.1944785
2009-11-27,-0.5556819724760489,0.8313949395234058,-10.067085003802987,55.252953,1.2235167,1.9029676,6.584281
2009-12-04,-0.451785789832884,0.8921264484954345,,62.527107,0.90805715,1.9562336,8.334137
2009-12-11,-0.34134651424503615,0.9399375283564133,,46.09564,1.3412596,2.1439695,7.003254
2009-12-18,-0.22596360824801906,0.974135744004672,,67.46178,1.1328233,1.7522063,7.691011
2009-12-25,-0.10730813165636247,0.9942258118156161,,67.58115,0.86573464,1.54632,9.411399
2010-01-01,0.017201575418260506,0.9998520419557735,,67.5,1.4931201,1.9803559,7.886631
2010-01-08,0.13718540405660057,0.9905453876091833,,70.120605,0.9633144,1.2825366,7.364223
2010-01-15,0.2551824131233728,0.9668929289391521,-22.4836041870482,67.589005,0.95150864,1.3588004,8.326521
2010-01-22,0.3694836834473831,0.9292372181882051,,63.038097,0.7674821,1.0602077,9.421328
2010-01-29,0.4784338202547012,0.8781236129591848,,53.87481,0.789785,1.4153008,7.5713005
2010-02-05,0.580454927809098,0.8142923779467267,,67.87321,1.6814687,2.3685086,9.843492
2010-02-12,0.6740694616546162,0.7386679638813748,,67.53407,1.7751946,2.524071,10.182681
2010-02-19,0.7579216274973472,0.6523456189565257,-26.38932037561173,59.21792,1.3300232,2.0612862,9.86373
2010-02-26,0.8307970168121247,0.5565755266413303,,68.04878,1.1942858,1.7095944,8.663349
2010-03-05,0.8916401947968874,0.45274469960737107,,67.87152,1.4221532,1.8096229,8.454562
2010-03-12,0.9395699859530622,0.342356891994542,-14.740266527202124,70.27601,1.3302355,1.5834658,11.553373
2010-03-19,0.9738922359149924,0.22701082094141847,,62.552944,1.7544146,2.4563274,11.437479
2010-03-26,0.9941098647022418,0.10837701279187609,-19.155078642642025,61.263985,1.2469041,2.337883,9.513273
2010-04-02,0.9999300657962057,-0.011826390691832589,,67.648544,1.2150857,1.868344,9.064649
2010-04-09,0.9912685467787256,-0.13185851571739118,,66.70299,1.0843532,1.7251788,10.314976
2010-04-16,0.9682507501166718,-0.2499809690726521,,70.9737,0.82666,1.0963626,8.76756
2010-04-23,0.9312100364121947,-0.3644830148102912,,66.57754,1.2627418,1.6316898,8.07682
2010-04-30,0.8806828564301475,-0.47370635037968,,69.89259,0.8747981,1.2933382,8.7357435
2010-05-07,0.8174009818249189,-0.5760691233798758,-22.039803177663003,67.60345,1.242842,1.5886627,10.055316
2010-05-14,0.742280907086982,-0.6700888411055113,-10.084015843094363,78.40552,0.9500273,1.2772942,10.599243
2010-05-21,0.6564105761979381,-0.7544038410927472,,84.5869,0.543217,0.71443284,10.372032
2010-05-28,0.5610336262283677,-0.8277930117131022,,71.895645,0.9323276,1.6356874,10.223943
2010-06-04,0.4575313760742512,-0.8891934772070711,,85.50996,0.6474177,1.7476618,7.898673
2010-06-11,0.3474028211842774,-0.9377159910299093,,82.29823,0.66218966,1.0574042,10.04727
2010-06-18,0.23224292400907015,-0.9726578145718654,0.8751814326896579,78.05101,0.7638503,1.3097287,7.260995
2010-06-25,0.11371951458594969,-0.9935128947338007,,67.279366,1.1685607,1.6165856,9.69297
2010-07-02,-0.00645086419810515,-0.9999791929590823,,67.77929,0.60337675,0.83233964,9.796617
2010-07-09,-0.12652781683868314,-0.9919630595773397,,83.203964,0.8746929,1.5367202,9.686338
2010-07-16,-0.24477230089725957,-0.9695805901076308,-7.04428132298716,67.813034,1.1966089,2.1358852,10.666337
2010-07-23,-0.3594718130884232,-0.9331559438780432,,77.819595,0.5847888,0.7480298,8.171322
2010-07-30,-0.46896519100763184,-0.8832166493127127,,53.556988,1.0437595,1.8092695,7.8387628
2010-08-06,-0.5716666713027052,-0.8204859638785327,,65.729546,0.85093117,1.6182611,9.656296
2010-08-13,-0.666088855860977,-0.7458723993404063,,61.391705,1.3737818,2.908078,9.522969
2010-08-20,-0.7508642533989489,-0.6604565640279754,,56.795975,0.77605486,1.118121,8.198778
2010-08-27,-0.8247650844733614,-0.5654755126737576,-10.992469900963272,71.01805,0.42694873,1.3797108,7.4337363
2010-09-03,-0.886721063082993,-0.46230483047981086,,70.61241,0.607971,1.8462458,7.6450644
2010-09-10,-0.9358348973349941,-0.35243871088460327,-6.3870863133846285,54.26245,1.154836,2.0610402,7.626386
2010-09-17,-0.97139528468375,-0.23746831555846842,-0.8500533472305847,65.04375,0.7184034,1.369033,10.333171
2010-09-24,-0.9928872135356962,-0.11905873003404988,,68.217606,0.78968203,1.0831802,10.588315
2010-10-01,-0.9999994220246925,0.001075151282798226,-1.3720012290580996,68.302315,0.8622048,1.4424852,7.171684
2010-10-08,-0.9926289059345095,0.12119346147073601,,67.73724,2.0477178,3.075535,10.176344
2010-10-15,-0.9708824104813836,0.2395565591209271,,64.10519,2.3402088,3.615611,9.958084
2010-10-22,-0.9350748843515574,0.3544502230989869,,66.95687,0.7035344,1.2832724,10.262743
2010-10-29,-0.8857249183835637,0.4642104791518923,,67.658905,0.860578,1.078903,8.29648
2010-11-05,-0.8235472349556007,0.5672476988027229,,67.98071,1.3195654,1.9450593,9.561089
2010-11-12,-0.7494423368521953,0.6620696215153815,,67.47773,1.3365206,1.6464711,7.4294715
2010-11-19,-0.6644834655228552,0.7473029667054297,-23.949071495480837,67.74041,1.2131413,1.4637209,8.557001
2010-11-26,-0.5699010576127624,0.821713322596059,,68.57926,1.5187827,2.0916123,8.56904
2010-12-03,-0.46706492487743034,0.8842230238742036,,67.40002,1.541669,2.0163028,8.276113
2010-12-10,-0.3574644155648614,0.9339267592294762,,69.40998,1.4767236,2.0378036,8.119565
2010-12-17,-0.2426868445825954,0.9701046827361175,,56.989277,1.0219408,1.6850723,7.107594
2010-12-24,-0.12439450483979998,0.9922328391893008,,62.188354,0.8909314,1.3650519,7.563085
2010-12-31,-0.004300592702981974,0.9999907524084426,,68.07062,1.3757536,1.7855716,8.753621
2011-01-07,0.1201261651823505,0.9927586335250793,,68.16565,1.2767029,2.0886917,8.619578
2011-01-14,0.23851257519407648,0.9711394088771653,,67.4523,2.1373317,2.532485,9.688247
2011-01-21,0.3534446712740877,0.9354554315134164,-32.30655433916431,68.13714,1.5888848,3.0805712,9.785328
2011-01-28,0.4632579225674917,0.88622350294858,,71.87928,1.2164632,2.343455,9.593528
2011-02-04,0.5663619330814524,0.8241566360566663,-25.1802950992753,58.368706,1.5853664,2.5421002,10.484612
2011-02-11,0.6612634749656386,0.7501537286959042,,68.13217,1.0231805,1.4344264,8.25045
2011-02-18,0.746588114532413,0.6652865452111116,,68.712975,1.2159922,1.5848541,8.860727
2011-02-25,0.8211001178128892,0.5707841943569036,,71.362465,1.2156905,1.5201788,10.161799
2011-03-04,0.8837203473619977,0.4680153284438345,,57.15363,0.74639475,1.129873,8.152674
2011-03-11,0.9335418911179212,0.35846832151248087,,70.32388,1.3683077,1.5352006,9.437392
2011-03-18,0.969843196967294,0.24372971360968387,,67.94371,1.258826,1.7498107,9.814274
2011-03-25,0.992098522791769,0.12546123335273648,-22.278444700694024,78.81887,1.026768,1.310843,9.084945
2011-04-01,0.9999855506507186,0.005375731557583884,,70.90318,1.2897693,2.087125,11.121186
2011-04-08,0.9933900548258936,-0.11478762552212701,-17.78520960249216,84.39317,0.87187433,1.182001,7.053684
2011-04-15,0.9724075561219968,-0.23328854407545518,,67.60573,0.99036825,1.1730762,8.811416
2011-04-22,0.9373419384643772,-0.3484108069446808,-60.167079025348755,64.295715,0.94265085,1.2725705,8.447828
2011-04-29,0.8887010478292915,-0.45848712914008766,,76.763466,1.0305287,1.4565957,8.580471
2011-05-06,0.8271893372462497,-0.5619233046832195,-20.919806803093394,75.04799,1.220439,2.27797,11.267705
2011-05-13,0.753697664392914,-0.6572212950663319,,70.93443,0.79613787,1.1053625,11.501496
2011-05-20,0.6692903895412567,-0.7430009249440493,10.471055477512778,69.162,0.9073985,1.5064368,11.004413
2011-05-27,0.5751899607119775,-0.8180198708443175,,68.21486,1.0922537,1.6653315,9.184919
2011-06-03,0.47275920928627757,-0.881191653407483,,73.39695,1.1407667,2.175442,10.740334
2011-06-10,0.36348161248290634,-0.9316013725767187,,67.808815,0.9584536,1.3367465,11.036271
2011-06-17,0.24893980855376657,-0.9685189578512204,,73.472275,1.1316054,1.7048194,9.683181
2011-06-24,0.13079267585675922,-0.9914097417023038,,81.49018,0.45769846,0.7831759,9.010851
2011-07-01,0.01075130776352193,-0.9999422030204416,12.931766614522502,77.92511,0.82558644,1.2120197,7.013543
2011-07-08,-0.10944576864891556,-0.993992768446958,10.29451656561588,73.84991,0.8420003,1.2089553,11.052437
2011-07-15,-0.2280577712215198,-0.9736476020539838,3.2550162471744386,83.21364,0.48371616,0.8646286,14.499173
2011-07-22,-0.34336687399638804,-0.939201357453208,18.89782628050142,76.682014,0.8820969,1.2697191,8.269812
2011-07-29,-0.45370308603134424,-0.8911529104063088,24.9022732073374,85.47705,0.6869914,1.216439,10.648216
2011-08-05,-0.5574684374327892,-0.8301981337405212,,67.6808,0.883465,1.541174,8.591841
2011-08-12,-0.65316012232693,-0.7572198192083127,,74.9452,0.75515854,1.4712147,10.004704
2011-08-19,-0.7393922635959241,-0.673274892250183,21.81347895958052,78.44768,0.62471855,1.3579254,8.333617
2011-08-26,-0.8149159841660791,-0.5795791048257612,,71.94862,1.7501973,2.6749127,10.231243
2011-09-02,-0.8786374941610001,-0.4774894280028391,8.548868173942566,67.500916,0.8598905,1.4124249,9.255451
2011-09-09,-0.9296339319682695,-0.3684843993077793,0.5148466195989556,68.445885,1.2466298,1.7588832,9.412669
2011-09-16,-0.9671667297977312,-0.2541427094613622,13.218958873960531,68.844124,0.5580188,0.96652704,10.807384
2011-09-23,-0.9906923101615609,-0.13612033862266704,,48.452023,0.5591313,1.4654124,7.6774545
2011-09-30,-0.9998699583618592,-0.016126573270657762,5.027236907909099,66.16112,1.1467173,1.8560477,8.952174
2011-10-07,-0.9945667569706337,0.1041007489354256,,85.415596,0.6728361,1.1433622,9.032791
2011-10-14,-0.9748595108374125,0.22282040779479959,,62.892097,0.618789,1.2681348,6.904072
2011-10-21,-0.9410336347451197,0.3383130181923075,2.030285295973755,71.90393,0.90581673,1.6985078,9.00558
2011-10-28,-0.8935790198239952,0.4489059314938798,1.807949477134997,69.8833,0.91477555,1.4749135,7.3819885
2011-11-04,-0.8331829385891785,0.5529974600700271,-2.011941000945285,67.811806,0.92208624,1.2926149,8.928255
2011-11-11,-0.7607200913564104,0.6490800741100398,,60.8911,1.0208566,1.580852,8.57325
2011-11-18,-0.6772399381909491,0.7357622347736525,,56.93764,0.8632882,1.6432189,6.7984705
2011-11-25,-0.5839514998576998,0.8117885474764613,,59.228207,1.108724,1.5553071,6.4477897
2011-12-02,-0.4822058478963526,0.8760579434344281,,71.61566,1.0099682,1.2800186,7.454174
2011-12-09,-0.37347653741307074,0.9276396261490467,0.7940598773250542,68.01157,1.1868643,2.1033227,8.940717
2011-12-16,-0.2593382659754056,0.9657865518844574,-8.668201500556478,81.14249,0.84637594,1.5306774,9.405285
2011-12-23,-0.14144406768794202,0.9899462489023779,,66.3318,0.886045,1.9910833,7.406907
2011-12-30,-0.021501372740813793,0.999768818762748,,69.30381,1.9407741,3.3485093,10.678459
2012-01-06,0.10303137904317879,0.9946781061893646,,75.14752,0.8801856,1.2360688,9.701397
2012-01-13,0.22177215755648186,0.975098513039961,-15.012842133738388,70.35842,0.88424194,1.4770792,9.62148
2012-01-20,0.3373010691361842,0.9413968285264122,,68.03039,1.3783088,2.2295759,8.927717
2012-01-27,0.44794493940789115,0.8940611451454876,,68.17763,1.6347642,3.185312,8.674126
2012-02-03,0.5521013427459208,0.8337770129585915,,67.479416,1.4292449,1.7697843,8.664143
2012-02-10,0.6482618097757122,0.7614175109532997,,76.30192,1.286118,1.9591955,10.213921
2012-02-17,0.7350336741329412,0.6780306024735382,,67.3279,1.0200015,1.188035,10.391381
2012-02-24,0.8111602420785621,0.5848239578463322,,67.843056,0.9039165,1.6780666,8.672035
2012-03-02,0.8755389928586302,0.4831474640149687,,68.64142,1.3506124,1.6862359,8.243511
2012-03-09,0.9272375462179537,0.374473674486883,-4.7307129031228214,69.77218,1.1516318,1.5779976,7.319805
2012-03-16,0.9655071658143364,0.2603764827344581,,73.304665,1.2208208,1.8641102,9.6273775
2012-03-23,0.9897936029670716,0.14250832791617088,,71.69478,1.401655,1.8189006,9.816572
2012-03-30,0.9997451236925734,0.022576263041545485,,70.66722,1.1871351,1.7524042,8.993055
2012-04-06,0.9952176027737294,-0.09768276782171598,,70.53256,1.5357164,2.4251447,11.041377
2012-04-13,0.9762766110869321,-0.21652708524481437,,83.74477,1.004183,1.6490401,8.923376
2012-04-20,0.9431964659565866,-0.33223549871590435,,71.06092,1.4219531,2.5884614,7.807455
2012-04-27,0.8964562582905575,-0.44313223418263453,,67.61194,1.6158531,2.4623213,10.309703
2012-05-04,0.8367329140344921,-0.5476112038402312,-7.593752865988222,69.221725,1.3409468,1.8571922,9.447119
2012-05-11,0.7648913904341226,-0.6441592666722685,-1.6278091449377996,67.75254,1.3279332,2.084762,10.361592
2012-05-18,0.6819721490904629,-0.7313781428679254,,87.60968,0.49201167,0.64199007,9.423134
2012-05-25,0.5891760872322963,-0.8080046647350754,,58.814354,0.6651036,1.3856465,7.956687
2012-06-01,0.4878471454423119,-0.8729290708206411,-5.98567867091046,71.51288,1.1200378,1.6541822,8.985026
2012-06-08,0.37945284372454435,-0.925211078289358,-11.333954366474671,74.21424,1.1696274,1.8024954,11.128824
2012-06-15,0.26556302780405594,-0.9640935007889755,,65.56702,2.2800093,3.962161,11.03522
2012-06-22,0.14782713347053048,-0.9890132145779883,-15.24542121839508,64.42722,0.72948676,1.476181,8.992907
2012-06-29,0.02795029824021032,-0.999609314096404,,58.900276,1.5415754,3.7594805,8.37528
2012-07-06,-0.09233133369539123,-0.9957283388645872,,80.49859,0.8480819,2.0307848,10.151805
2012-07-13,-0.2112757555821793,-0.9774264960104055,,57.8125,1.2004457,1.903166,7.3025293
2012-07-20,-0.3271603271220951,-0.9449688462364056,,68.02744,1.0710065,1.50267,10.654198
2012-07-27,-0.4383067230125192,-0.898825465016444,,79.76239,1.1250079,1.6085439,10.741255
2012-08-03,-0.5431052396834317,-0.8396646346181327,-20.293806706216685,87.95184,0.56676173,0.7617172,10.69948
2012-08-10,-0.6400381082043503,-0.7683431655492202,-0.5768924501267634,86.60835,0.36103493,0.8006576,9.920595
2012-08-17,-0.7277014757264236,-0.6858939875998223,,69.30814,0.7728599,1.357527,10.692045
2012-08-24,-0.8048257371083452,-0.593511190196115,-5.383416407719068,55.5194,0.7961469,1.6041429,8.493944
2012-08-31,-0.8702939222685674,-0.49253272872205434,-3.532889738578035,58.355083,0.7020865,1.6627711,7.8351846
2012-09-07,-0.9231578729647039,-0.38442104726885545,,58.31795,0.8787849,1.8403221,8.600039
2012-09-14,-0.9626519747161487,-0.2707418984477642,,64.68493,0.7121783,1.5927702,8.092574
2012-09-21,-0.9882042449941422,-0.15314166701312007,-14.021498942679301,67.47648,0.97766185,1.3280487,8.527232
2012-09-28,-0.9994446170919858,-0.033323525711631344,-9.483522388144195,63.607475,1.0116073,1.5892472,9.017093
2012-10-05,-0.9962102997023297,0.0869772313136861,-6.941942296281326,64.936295,0.8536507,1.7046375,9.749578
2012-10-12,-0.9785481345802031,0.20601832032517084,-12.767619453454188,61.725063,0.9352519,2.0702195,10.063807
2012-10-19,-0.9467139181463862,0.3220757010206104,-4.848775845680763,61.158623,0.71933204,1.488,7.5151286
2012-10-26,-0.9011686968561569,0.4334685453485363,-26.38381799381554,68.23962,1.1768137,2.1361225,8.831801
2012-11-02,-0.8425720899866032,0.5385835804920232,,67.95758,0.85356104,1.3567095,8.894997
2012-11-09,-0.7717727365467837,0.6358984534680745,,74.063515,1.132463,1.9247261,7.783671
2012-11-16,-0.6897960046655887,0.7240037789593305,,53.0001,1.2986038,1.8512155,8.83903
2012-11-23,-0.5978291414589552,0.801623551065242,-13.31103348324504,75.509766,0.8102185,1.1457642,7.505445
2012-11-30,-0.4972040784469378,0.8676336233547726,,65.10483,0.9644675,1.4802896,5.9683204
2012-12-07,-0.3893781415452015,0.9210779895789526,,42.94144,0.9647541,1.5755987,6.2255497
2012-12-14,-0.27591294500296043,0.9611826292540837,,62.06635,1.3115457,1.8206787,7.6734023
2012-12-21,-0.15845177496083632,0.9873667175937016,,66.54686,1.5658766,1.9839658,11.603617
2012-12-28,-0.03869579017652689,0.9992510374388481,,68.18987,1.2081455,1.7019439,11.097585
2013-01-04,0.06875540848113941,0.9976335468520451,,62.08074,1.462091,2.3446565,10.480007
2013-01-11,0.18809941761179758,0.9821499931752291,,54.6147,1.3818158,1.9806389,9.03853
2013-01-18,0.3047192331091634,0.9524422234305676,,56.77366,1.1615266,2.0064108,7.8122077
2013-01-25,0.4169258813287287,0.908940487313808,,66.10484,0.9411495,2.575135,9.190239
2013-02-01,0.5230943033491326,0.8522748088519838,,59.148468,3.4006581,6.3989305,11.759954
2013-02-08,0.6216868902665479,0.7832658619336791,,69.737724,1.3273901,2.2122247,10.243554
2013-02-15,0.7112757519738152,0.7029130847082615,,67.76256,1.2752153,1.6079417,10.318667
2013-02-22,0.7905633969115482,0.612380204990065,,67.556465,2.1896584,3.6388218,9.683435
2013-03-01,0.8584015232918917,0.512978386299228,,68.39699,1.8201113,2.4839578,9.372093
2013-03-08,0.9138076496466615,0.4061472386305789,,67.71905,1.5865235,1.8748351,8.474462
2013-03-15,0.9559793438440766,0.2934339689665273,,64.70115,1.8408377,2.5801423,11.182711
2013-03-22,0.984305844499033,0.17647097349152166,,79.62553,0.95503634,1.4907649,8.0526905
2013-03-29,0.998376906467142,0.056952196034039754,,67.90114,1.1160479,1.4616605,8.7514925
2013-04-05,0.9979887423155984,-0.06339140486951038,,78.236435,0.85708416,1.3610641,8.79796
2013-04-12,0.9831469737221499,-0.1828169249850199,,71.4432,1.1182781,2.2139585,8.830498
2013-04-19,0.9540665500578387,-0.2995947563972602,,68.20177,1.307945,2.3418283,10.344047
2013-04-26,0.9111686353326631,-0.41203363695942635,,68.572105,0.50731933,0.7793086,10.42335
2013-05-03,0.8550745085896932,-0.518505144391157,-8.3304621342009,62.673393,0.9925523,1.2277515,9.174119
2013-05-10,0.7865965660866021,-0.6174672802835514,-21.97366862528372,71.42409,0.7686494,1.121982,11.16489
2013-05-17,0.7067265555776159,-0.7074868024503348,,71.99487,1.0140238,1.1981757,8.818075
2013-05-24,0.6166212130956382,-0.7872599821916922,-5.065933276398027,88.87127,0.47656858,1.200826,9.216173
2013-05-31,0.5175855102531889,-0.8556314858488706,,73.75244,1.1829989,1.7157917,8.258267
2013-06-07,0.4110537546870351,-0.9116111071930239,,69.02937,1.2127151,1.822998,11.30804
2013-06-14,0.2985688173637202,-0.9543881083175908,-6.532825202291235,67.752426,1.0872205,1.7657878,8.062938
2013-06-21,0.18175978759137534,-0.9833429613388902,-7.164976774046892,78.498764,0.6497266,0.9530043,11.291351
2013-06-28,0.062318379354325076,-0.998056320853012,-6.456785316303353,77.30356,1.0301138,1.5549346,9.993288
2013-07-05,-0.05802556932878035,-0.9983150972033183,,69.487495,1.4988558,2.6432543,10.203954
2013-07-12,-0.17752914918703497,-0.984115542601034,,67.56321,0.8978028,1.0983672,9.402509
2013-07-19,-0.2944616217868012,-0.9556633054034704,,67.62482,1.0371315,1.6044527,9.477794
2013-07-26,-0.4071294853542516,-0.9133704517637858,-8.941408961105878,67.58205,1.2359902,1.5907823,10.912523
2013-08-02,-0.5139010013093103,-0.8578494977869301,-13.35808663636925,67.5884,1.7169222,2.1787186,11.633543
2013-08-09,-0.6132298262997502,-0.7899045386224707,,69.64667,0.75426465,1.4619149,10.235506
2013-08-16,-0.7036774074790128,-0.7105196029692745,,62.392612,0.6595914,1.3713452,7.733533
2013-08-23,-0.7839338166829201,-0.620844401650647,2.6676617032363765,62.21843,0.44691363,0.9014923,8.6511
2013-08-30,-0.8528367217694595,-0.522177676659508,3.3088943765675367,51.993652,0.5078657,1.1565793,6.1908264
2013-09-06,-0.9093882203647925,-0.4159483918249421,,71.4477,1.0633223,1.7232043,9.156245
2013-09-13,-0.9527692922168511,-0.30369503751065885,-5.346564237142161,55.502205,0.8597899,1.4526526,7.3993845
2013-09-20,-0.9823516608469237,-0.18704334906991657,-14.258978762246699,48.41545,1.0796723,1.7171177,7.391361
2013-09-27,-0.9977068927101168,-0.06768276175455162,,59.280796,0.89398396,1.6547275,9.356562
2013-10-04,-0.9986126020839734,0.052658056924614005,-13.86438562930715,61.040604,0.8816432,1.7488991,8.350191
2013-10-11,-0.9850556718215013,0.172236243027682,-11.406907534594637,63.684223,0.7449562,1.5879092,8.164182
2013-10-18,-0.957232443323312,0.2893199776186952,-18.471292676868956,46.618073,1.1168172,1.9728526,6.5944495
2013-10-25,-0.9155458729775467,0.40221356823680365,-22.99597421510336,66.452736,1.3957217,2.2140083,8.616654
2013-11-01,-0.8605996962501181,0.5092820071573356,-17.267696500064062,60.228836,0.8851859,1.7945241,8.21668
2013-11-08,-0.7931896839451843,0.6089746507720486,-3.8584545154559464,73.89459,0.8039438,1.4468341,8.299589
2013-11-15,-0.7142921172691032,0.699847677146407,-11.435367041367499,47.961136,1.1997722,1.6933404,6.662815
2013-11-22,-0.6250496486104377,0.7805849965070866,,72.11452,0.9023412,1.2530888,8.855644
2013-11-29,-0.5267547528105542,0.8500173118187018,,65.60593,0.95111394,1.4624691,8.503833
2013-12-06,-0.42083100859565564,0.9071390534005044,,73.291245,0.9905608,1.5699642,8.221207
2013-12-13,-0.30881248126625377,0.9511229423235357,-9.703596058633309,55.145798,0.95311385,1.4708005,7.9352636
2013-12-20,-0.19232150523909483,0.9813319716704275,,67.91848,0.9484509,1.1547838,8.82299
2013-12-27,-0.07304518821104743,0.9973286321364752,-3.6722585949422353,63.96054,0.9142692,1.6988248,7.744113
2014-01-03,0.051584366869408364,0.9986686402879997,,70.557846,0.750512,1.8408456,6.9687705
2014-01-10,0.17117705961019986,0.985240282501282,,64.14732,1.0100955,1.4054372,7.1325254
2014-01-17,0.2882906407095177,0.9575429528116719,,67.54273,1.1133242,1.5181233,9.714505
2014-01-24,0.4012289854475009,0.9159777842484877,,69.84472,1.1808767,1.9950835,8.762559
2014-01-31,0.5083564379375122,0.8611467540480452,,68.61657,1.5474365,2.009521,8.756786
2014-02-07,0.6081214998935418,0.7938439653781019,,73.073296,1.1584874,1.5894941,9.18886
2014-02-14,0.6990793005655562,0.7150441465537444,,73.331116,0.7664488,1.1507156,7.8014426
2014-02-21,0.7799125224167177,0.6258885343075018,,58.97658,1.0203445,1.8130282,8.389958
2014-02-28,0.8494504794814806,0.527668345562516,,73.57044,1.1478689,1.3911604,9.002932
2014-03-07,0.9066860720977985,0.4218060770826634,,68.18541,1.0132955,1.3491757,8.680686
2014-03-14,0.9507903724625832,0.3098349038318025,,67.605675,1.3313661,1.8157743,8.428195
2014-03-21,0.981124629771712,0.19337647441020586,,67.69007,1.4633708,2.5894895,11.107938
2014-03-28,0.9972495210773451,0.07411742515094437,-15.777151295443957,66.15103,1.9009992,3.5961757,11.372643
2014-04-04,0.9989315138848577,-0.046215046983708354,,67.50553,0.9963592,1.5245321,8.645592
2014-04-11,0.986146248341595,-0.16587819893463143,,64.15475,0.93771446,1.4432533,10.6854105
2014-04-18,0.9590788900341131,-0.28313898122818354,,79.980774,0.752586,1.0622023,9.64108
2014-04-25,0.9181214482844365,-0.39629913726891813,8.502235034250788,71.66555,0.6465155,0.9688858,10.982259
2014-05-02,0.8638670987837349,-0.503719798736334,,64.987854,0.81575286,1.0987692,7.6540484
2014-05-09,0.7971015927871943,-0.6038452208771035,-8.693607281775485,66.14506,0.58749455,0.8815355,10.754498
2014-05-16,0.7187918772884232,-0.6952253139408723,-3.9047045260239486,70.88778,0.8514902,1.552462,8.905193
2014-05-23,0.6300720909843687,-0.7765366444428655,,67.43852,1.1267458,1.5426669,9.484639
2014-05-30,0.5322271388474397,-0.8466016020976267,-2.1836821567387403,60.447334,0.64397484,1.0775094,8.820592
2014-06-06,0.42667408318992467,-0.9044054548343001,1.6265735082457127,72.6236,0.8326229,1.165966,7.784301
2014-06-13,0.31494162072895193,-0.9491110448902284,-1.2419304086752732,68.07941,0.96099293,1.1353823,9.6354065
2014-06-20,0.19864794288017112,-0.9800709131432666,,78.04561,0.6386629,1.1069577,9.756035
2014-06-27,0.07947729992362097,-0.9968366760893436,14.209796363678606,67.48619,0.60293025,0.94255936,8.483306
2014-07-04,-0.04084439154329611,-0.9991655196610109,7.130554182270345,67.060196,0.65146667,1.6325433,9.317846
2014-07-11,-0.16057454459499376,-0.9870237158387383,13.663805732696659,78.50396,0.55608684,1.2541233,9.485744
2014-07-18,-0.2779791393987801,-0.9605871111248129,11.583237009888904,80.03203,0.70542234,1.0562855,10.687601
2014-07-25,-0.3913578365610259,-0.9202385798054075,4.5723869607858205,81.57481,0.58255106,0.944319,9.280022
2014-08-01,-0.4990686026885319,-0.8665624788845385,17.005483373894947,47.223347,0.6162931,1.1826345,6.361271
2014-08-08,-0.5995514915196489,-0.8003361849976323,4.418391325927757,73.83365,0.89915675,1.1638998,9.37889
2014-08-15,-0.6913512362094071,-0.722518835873311,,67.59127,0.6613458,0.7883529,9.287561
2014-08-22,-0.7731383255706027,-0.6342374393978054,,66.56553,1.1833249,2.4123664,7.847864
2014-08-29,-0.8437282590292712,-0.5367705514607103,-24.974974068556605,71.10575,1.9556131,3.1365113,10.188235
2014-09-05,-0.9020987014301837,-0.4315297589714715,-25.41270113952919,78.97099,0.79741716,1.2081082,11.085987
2014-09-12,-0.9474042892438845,-0.32003923622313857,,67.775345,0.823942,1.1866841,7.0368447
2014-09-19,-0.9789888737409319,-0.20391367068311472,,62.283436,0.7133428,1.4009491,8.3022375
2014-09-26,-0.9963950238187231,-0.08483487790576538,,74.035,0.6902628,1.1579257,7.55274
2014-10-03,-0.9993706508539969,0.03547255575312556,-6.332651284648136,68.39611,0.6699885,1.19538,8.793473
2014-10-10,-0.9878726596350429,0.15526624985999563,,53.913208,0.9344488,1.6642375,6.804273
2014-10-17,-0.9620675724981452,0.27281126433401914,-1.6466126015672273,59.158577,1.0324932,1.8498808,7.3655176
2014-10-24,-0.9223291176290545,0.3864052261209853,-11.567181375959962,67.92899,0.91344327,1.203164,10.790806
2014-10-31,-0.8692328164574792,0.4944029842076182,2.9946871387036538,38.305523,1.0802412,1.9780763,6.810519
2014-11-07,-0.8035476485339116,0.5952404359043674,,62.991802,0.972083,1.9395959,6.416559
2014-11-14,-0.7262249146041543,0.6874571793269664,-12.451144832262088,62.951824,1.1090147,1.535215,9.204468
2014-11-21,-0.6383844591746642,0.769717664006921,,32.74993,1.2026374,2.0654175,6.481158
2014-11-28,-0.5412984521036173,0.8408305333122887,,52.349968,1.2371902,1.8980186,7.2373695
2014-12-05,-0.4363729641045924,0.8997658785476209,1.2433805332662757,67.479416,1.247384,1.7304883,7.744076
2014-12-12,-0.3251276029999093,0.9456701548465688,,69.66956,1.464641,2.2809534,8.88701
2014-12-19,-0.20917350564635637,0.9778785428342386,-5.731874204900237,78.524185,0.9438749,1.289763,9.09404
2014-12-26,-0.09019000427034513,0.9959245770286599,,72.12192,0.91398764,1.3747954,8.552964
2015-01-02,0.03439806061360801,0.9994082116062598,,67.5941,1.1954855,1.4476852,9.829478
2015-01-09,0.1542040475626894,0.988039023376751,,67.5862,1.3328938,1.6217666,8.542587
2015-01-16,0.2717767384711357,0.9623603298276545,,67.56278,1.330956,2.2457852,9.097872
2015-01-23,0.38541335945432564,0.9227440286201427,,76.67901,1.033339,2.0852723,8.967999
2015-01-30,0.49346814167723735,0.8697638720650646,,70.38166,1.1772819,1.6015713,10.18467
2015-02-06,0.5943761565849831,0.804187157621448,,71.77254,1.1022371,1.8009918,9.51809
2015-02-13,0.6866759803451553,0.726963615332308,,67.97567,1.2230647,1.9228997,8.307485
2015-02-20,0.7690308592589181,0.6392116531380588,,67.70747,2.0579498,3.4165437,10.358351
2015-02-27,0.8402480696078469,0.5422021592729844,,67.58208,1.8385572,3.0046747,9.745783
2015-03-06,0.8992961915530253,0.4373400963303323,-11.065042414486783,73.58568,0.92353714,1.1618172,9.225782
2015-03-13,0.945320046913132,0.3261441535642696,,71.04274,0.9435288,1.2291597,7.524392
2015-03-20,0.9776530844816641,0.2102247521189836,,51.74352,1.2089875,1.7498527,9.642662
2015-03-27,0.9958270335100595,0.09126072172931188,,65.28143,0.9316819,1.3230608,9.976787
2015-04-03,0.9995786855478958,-0.029025013321975237,,67.990395,1.1324164,1.6163776,9.078275
2015-04-10,0.9888537064205885,-0.1488903868564548,0.03826099972445718,69.16412,0.98251355,1.357132,8.286064
2015-04-17,0.9638074231367307,-0.26659942067929354,10.852839799881053,74.674225,0.654763,1.0566114,9.520996
2015-04-24,0.9248025743285089,-0.38044736628785164,,60.116768,1.053599,1.427239,7.765719
2015-05-01,0.8724040568049612,-0.48878539428899265,-0.0038356934565513257,62.977093,1.506937,6.013288,11.164304
2015-05-08,0.8073707443023492,-0.5900444739548627,-6.983518109634559,66.55135,1.6218997,3.8080032,10.060857
2015-05-15,0.7306444969184916,-0.6827580970759147,-11.102480799088596,75.10687,0.73173755,1.1511272,10.848944
2015-05-22,0.6433365204044917,-0.765583517007675,-12.539896646830783,74.72175,0.91364795,1.1511854,7.0148497
2015-05-29,0.5467112728685939,-0.8373211953118121,-0.9955727755253179,78.47322,0.6211606,1.0876046,10.6306715
2015-06-05,0.44216815196707204,-0.8969321743510065,-1.1109411042719444,71.27706,0.51443,0.7441961,9.308582
2015-06-12,0.3312212278016865,-0.9435531242349544,,71.834114,1.0301359,1.4141294,7.8167276
2015-06-19,0.21547731504673012,-0.976508846196619,,67.44562,1.2856071,1.8105562,8.905842
2015-06-26,0.0966127018812031,-0.9953220513156602,,68.059364,0.8447812,1.3002094,9.50294
2015-07-03,-0.023651127245231586,-0.9997202729664083,-4.029169200051427,68.55316,0.8097367,1.0920737,7.379893
2015-07-10,-0.1435724234118113,-0.9896398128792412,6.9350544102718175,85.9432,0.5989324,1.0329205,6.9627213
2015-07-17,-0.2614143985111562,-0.965226663665613,-1.673061942953467,65.36009,0.57085574,1.1170278,7.997468
2015-07-24,-0.3754703786876202,-0.9268343944460494,,78.40259,0.92268854,1.2471491,7.2805176
2015-07-31,-0.48408852163897587,-0.8750190302029955,8.989561116335636,68.906166,0.6419717,0.9392108,8.334205
2015-08-07,-0.5856957398073508,-0.8105309990194823,11.218604083949288,66.24193,0.82186306,1.3434302,8.477197
2015-08-14,-0.6788204829862357,-0.734304263829602,,60.989876,0.74647695,1.7864908,11.597424
2015-08-21,-0.7621140503891487,-0.6474427960827475,4.003355830687099,82.69702,0.64705384,1.2265428,7.6323905
2015-08-28,-0.8343701235229537,-0.5512045872199277,,43.183353,0.95397043,1.4417735,6.770365
2015-09-04,-0.8945422369764496,-0.4469834295196742,11.105693865178438,64.879616,0.7563973,1.5919765,9.179062
2015-09-11,-0.9417589340994617,-0.33628873017668287,12.730713325425398,73.90719,0.5734229,0.8498544,9.634911
2015-09-18,-0.9753363880767837,-0.2207236509605022,,57.995674,0.8347704,1.1950146,6.542296
2015-09-25,-0.994788305609327,-0.10196189005174576,,81.73235,0.89529365,1.3386818,8.290062
2015-10-02,-0.999832969770105,0.018276557681691223,7.172897539883536,76.27637,0.5565734,0.7947789,9.208033
2015-10-09,-0.9903973200352558,0.13825031091098192,,74.471695,0.77237844,1.3296021,7.822619
2015-10-16,-0.9666180104000972,0.2562218218071163,-0.7342280467293563,65.027275,1.0754553,1.649981,7.6884055
2015-10-23,-0.9288394302558068,0.3704825404820963,9.070158220657902,67.435616,1.2970803,1.724009,9.185453
2015-10-30,-0.8776087166898392,0.4793776594606945,,76.22698,0.67512476,1.1011992,7.884039
2015-11-06,-0.8136678304455991,0.5813300798152042,,48.49694,0.98866135,1.5498476,6.2204885
2015-11-13,-0.7379428103031386,0.6748632518680403,,75.37531,0.7584644,1.2866458,6.783217
2015-11-20,-0.6515303615068021,0.75862255966641,6.004514637099305,68.553535,0.8768078,1.2698117,6.3339996
2015-11-27,-0.5556819724760489,0.8313949395234058,,49.223286,1.0650976,2.0504887,6.8594127
2015-12-04,-0.451785789832884,0.8921264484954345,,67.5,1.4441607,1.8672256,10.583729
2015-12-11,-0.34134651424503615,0.9399375283564133,-2.4945513339022227,62.692295,1.2563133,1.7995712,10.852095
2015-12-18,-0.22596360824801906,0.974135744004672,-1.5144847535323436,74.95854,0.94972676,1.2168103,6.93928
2015-12-25,-0.10730813165636247,0.9942258118156161,,68.53151,1.0543803,1.4394199,7.691109
2016-01-01,0.017201575418260506,0.9998520419557735,,85.42469,1.019603,1.6058986,8.418981
2016-01-08,0.13718540405660057,0.9905453876091833,,67.909355,1.2923288,1.8408453,11.291639
2016-01-15,0.2551824131233728,0.9668929289391521,,68.21223,1.016744,1.579952,10.746111
2016-01-22,0.3694836834473831,0.9292372181882051,,73.19616,1.0552255,1.9917167,10.154353
2016-01-29,0.4784338202547012,0.8781236129591848,,66.74516,1.5686489,2.016572,12.933008
2016-02-05,0.580454927809098,0.8142923779467267,,46.262783,0.99514115,1.9079297,7.599797
2016-02-12,0.6740694616546162,0.7386679638813748,,80.5561,1.0730145,1.5258878,9.278396
2016-02-19,0.7579216274973472,0.6523456189565257,-11.592915245420443,67.610634,1.6190447,2.1090183,10.876102
2016-02-26,0.8307970168121247,0.5565755266413303,-11.63534635009998,65.22197,1.9818156,3.6302502,12.446237
2016-03-04,0.8916401947968874,0.45274469960737107,,67.60431,1.494321,3.6119149,9.959589
2016-03-11,0.9395699859530622,0.342356891994542,,72.86696,1.2292179,1.4388723,9.069874
2016-03-18,0.9738922359149924,0.22701082094141847,,66.81965,1.4285631,1.7263665,9.21414
2016-03-25,0.9941098647022418,0.10837701279187609,,67.74626,1.0965964,1.3016096,10.502376
2016-04-01,0.9999300657962057,-0.011826390691832589,,67.87834,0.9048625,1.0924556,11.416655
2016-04-08,0.9912685467787256,-0.13185851571739118,-7.390881877364507,67.56228,1.0048811,1.3355864,8.312926
2016-04-15,0.9682507501166718,-0.2499809690726521,,73.75073,0.8092643,1.100121,8.236699
2016-04-22,0.9312100364121947,-0.3644830148102912,5.040066116338693,74.53254,0.92097676,1.1775486,9.212322
2016-04-29,0.8806828564301475,-0.47370635037968,,70.91954,1.5399114,1.8697222,9.493407
2016-05-06,0.8174009818249189,-0.5760691233798758,-2.184121852408282,67.5,1.0659654,1.3898987,9.390005
2016-05-13,0.742280907086982,-0.6700888411055113,16.626647935371608,67.84427,0.8880868,1.4333286,9.647712
2016-05-20,0.6564105761979381,-0.7544038410927472,4.206792636848093,66.87535,0.48534048,0.69502884,8.044351
2016-05-27,0.5610336262283677,-0.8277930117131022,,69.382484,0.5927931,1.2274972,9.475969
2016-06-03,0.4575313760742512,-0.8891934772070711,9.073603184148197,88.51473,0.5678693,3.6245303,8.545596
2016-06-10,0.3474028211842774,-0.9377159910299093,-15.05616667032649,65.17598,2.2170112,5.4386706,11.313295
2016-06-17,0.23224292400907015,-0.9726578145718654,,67.573685,1.4377122,1.8924407,10.695529
2016-06-24,0.11371951458594969,-0.9935128947338007,,65.12037,1.087731,2.568609,8.481657
2016-07-01,-0.00645086419810515,-0.9999791929590823,-7.441777532276603,85.909775,0.5437043,0.8150326,9.949598
2016-07-08,-0.12652781683868314,-0.9919630595773397,-6.597714191033901,71.675804,0.5374378,1.1289725,8.734397
2016-07-15,-0.24477230089725957,-0.9695805901076308,,72.82863,0.96079457,1.3310751,13.640323
2016-07-22,-0.3594718130884232,-0.9331559438780432,,41.273094,0.76195353,1.096557,7.2692537
2016-07-29,-0.46896519100763184,-0.8832166493127127,,69.83459,0.4047253,1.0657442,11.490064
2016-08-05,-0.5716666713027052,-0.8204859638785327,,72.5165,0.8020479,1.7208445,8.372018
2016-08-12,-0.666088855860977,-0.7458723993404063,-16.264200144497806,70.47276,0.59057915,0.9314465,8.6417
2016-08-19,-0.7508642533989489,-0.6604565640279754,-12.614481680086072,73.57196,0.81544787,1.4757133,8.44832
2016-08-26,-0.8247650844733614,-0.5654755126737576,-9.12687865675295,69.68935,1.0741049,1.6150993,11.805754
2016-09-02,-0.886721063082993,-0.46230483047981086,-10.551061634540588,62.242718,0.8331628,2.1150696,6.8180776
2016-09-09,-0.9358348973349941,-0.35243871088460327,-0.8622439628794041,61.11828,1.0186526,2.009956,7.2078147
2016-09-16,-0.97139528468375,-0.23746831555846842,-5.551054598441965,48.733196,0.9833474,1.7914364,6.3055916
2016-09-23,-0.9928872135356962,-0.11905873003404988,2.1988474621388434,60.987118,0.68132657,1.5007876,7.333596
2016-09-30,-0.9999994220246925,0.001075151282798226,0.2733942053314138,69.967545,0.59590846,1.6485442,8.17661
2016-10-07,-0.9926289059345095,0.12119346147073601,6.336669576309021,44.552826,0.5588233,1.1885248,7.6843524
2016-10-14,-0.9708824104813836,0.2395565591209271,,75.29257,0.7259192,1.3244281,6.4940376
2016-10-21,-0.9350748843515574,0.3544502230989869,-4.583914919505446,56.777863,1.0196083,1.9230553,6.924841
2016-10-28,-0.8857249183835637,0.4642104791518923,,59.34186,0.7896522,1.4174607,8.370634
2016-11-04,-0.8235472349556007,0.5672476988027229,,57.691742,0.93662804,1.4636781,9.507118
2016-11-11,-0.7494423368521953,0.6620696215153815,8.505711326626937,34.249214,0.9874233,1.7330177,6.0347056
2016-11-18,-0.6644834655228552,0.7473029667054297,-9.630243559891397,67.417,0.70945644,1.5614605,7.720642
2016-11-25,-0.5699010576127624,0.821713322596059,-7.467059370912267,55.43033,1.1864264,2.0254927,8.158459
2016-12-02,-0.46706492487743034,0.8842230238742036,-11.007065159038888,57.72078,1.0403775,1.8627384,7.05303
2016-12-09,-0.3574644155648614,0.9339267592294762,,46.169147,1.0575966,1.9071975,6.21117
2016-12-16,-0.2426868445825954,0.9701046827361175,,67.56305,1.0279975,1.5622051,8.496967
2016-12-23,-0.12439450483979998,0.9922328391893008,,64.93919,1.1555555,1.7504195,9.393182
2016-12-30,-0.004300592702981974,0.9999907524084426,,66.910904,1.3750246,1.827535,8.999766
2017-01-06,0.10303137904317879,0.9946781061893646,,72.10918,1.0531057,1.681059,7.016686
2017-01-13,0.22177215755648186,0.975098513039961,,63.081985,1.2052423,1.5343825,7.539106
2017-01-20,0.3373010691361842,0.9413968285264122,-4.455173581575423,53.18873,0.84694546,1.7448475,6.7495046
2017-01-27,0.44794493940789115,0.8940611451454876,-10.984908137436548,72.02424,0.7442153,1.2994885,10.088869
2017-02-03,0.5521013427459208,0.8337770129585915,-5.853643911512819,64.66695,0.9927785,1.4751929,7.8108144
2017-02-10,0.6482618097757122,0.7614175109532997,-14.768580479419228,66.15078,1.4134318,2.099859,8.895098
2017-02-17,0.7350336741329412,0.6780306024735382,-7.83332464333904,73.99414,1.0986179,1.9827898,7.545932
2017-02-24,0.8111602420785621,0.5848239578463322,,62.222065,1.0418966,1.5092348,8.165596
2017-03-03,0.8755389928586302,0.4831474640149687,,74.68228,1.0315446,1.2960968,9.24959
2017-03-10,0.9272375462179537,0.374473674486883,,76.86516,1.1339337,1.5989019,10.788472
2017-03-17,0.9655071658143364,0.2603764827344581,,60.439407,1.1348871,1.8723394,7.9380608
2017-03-24,0.9897936029670716,0.14250832791617088,,69.39038,1.3248384,2.006895,7.9052176
2017-03-31,0.9997451236925734,0.022576263041545485,,48.81097,1.1417059,2.9727595,8.913938
2017-04-07,0.9952176027737294,-0.09768276782171598,,81.50106,1.2098774,1.6671448,10.158541
2017-04-14,0.9762766110869321,-0.21652708524481437,-11.084070279441306,66.54808,1.138559,1.6524246,9.917821
2017-04-21,0.9431964659565866,-0.33223549871590435,,67.692986,1.1795813,1.5513808,12.438042
2017-04-28,0.8964562582905575,-0.44313223418263453,-3.7074626733131595,74.03883,1.0420942,1.498484,10.203115
2017-05-05,0.8367329140344921,-0.5476112038402312,4.912220101401374,83.40084,0.6470533,0.9785268,8.222967
2017-05-12,0.7648913904341226,-0.6441592666722685,,62.279743,1.2589036,1.7447375,10.347067
2017-05-19,0.6819721490904629,-0.7313781428679254,19.668286617386514,67.5,1.1204226,1.7556043,8.836189
2017-05-26,0.5891760872322963,-0.8080046647350754,9.871111224150923,66.3549,1.2754982,1.5602757,9.492107
2017-06-02,0.4878471454423119,-0.8729290708206411,1.799671615784149,78.05499,0.85226375,1.1538973,10.312366
2017-06-09,0.37945284372454435,-0.925211078289358,,82.87635,0.60365653,1.3883673,9.243818
2017-06-16,0.26556302780405594,-0.9640935007889755,,69.900215,1.6811502,2.55105,8.568473
2017-06-23,0.14782713347053048,-0.9890132145779883,,80.57857,1.2191578,2.2707047,10.151633
2017-06-30,0.02795029824021032,-0.999609314096404,-3.5767278227193913,69.31346,0.55609024,0.8757373,9.624964
2017-07-07,-0.09233133369539123,-0.9957283388645872,-4.39193655904819,66.53381,0.60825646,0.86559093,11.122951
2017-07-14,-0.2112757555821793,-0.9774264960104055,,83.11539,0.41371864,0.73178613,8.761061
2017-07-21,-0.3271603271220951,-0.9449688462364056,2.632831244593376,61.738228,0.6108428,1.2042371,7.0766544
2017-07-28,-0.4383067230125192,-0.898825465016444,-0.4909827905560462,72.82337,0.46343258,0.67798704,11.612131
2017-08-04,-0.5431052396834317,-0.8396646346181327,16.938129363042037,67.181885,0.61727405,1.1992627,9.417518
2017-08-11,-0.6400381082043503,-0.7683431655492202,16.64431649616344,66.56581,0.63341224,1.0338496,9.1995735
2017-08-18,-0.7277014757264236,-0.6858939875998223,17.137007924026534,51.418037,0.6558784,1.6453447,7.8544517
2017-08-25,-0.8048257371083452,-0.593511190196115,-24.71198498649025,72.822426,0.7566638,1.134595,10.672968
2017-09-01,-0.8702939222685674,-0.49253272872205434,4.512922422996581,75.60196,0.71870667,0.92397076,9.686381
2017-09-08,-0.9231578729647039,-0.38442104726885545,12.19637787878932,54.495415,0.6412307,1.3043119,9.1570635
2017-09-15,-0.9626519747161487,-0.2707418984477642,,60.015358,0.75819415,1.7419634,9.263079
2017-09-22,-0.9882042449941422,-0.15314166701312007,10.552552278695657,51.913727,0.7356385,1.402278,6.5465326
2017-09-29,-0.9994446170919858,-0.033323525711631344,,30.099054,1.2743796,2.4521384,6.954906
2017-10-06,-0.9962102997023297,0.0869772313136861,,57.344074,1.0797334,1.9666618,7.0580497
2017-10-13,-0.9785481345802031,0.20601832032517084,,57.739456,0.79158264,1.2377783,7.912165
2017-10-20,-0.9467139181463862,0.3220757010206104,,69.14081,1.7742987,2.2745469,8.532539
2017-10-27,-0.9011686968561569,0.4334685453485363,1.9297090896480995,53.05511,0.8944211,1.8183943,8.249891
2017-11-03,-0.8425720899866032,0.5385835804920232,,58.77407,0.92423964,1.8453363,8.354106
2017-11-10,-0.7717727365467837,0.6358984534680745,,69.43084,1.0187427,1.5496954,8.416942
2017-11-17,-0.6897960046655887,0.7240037789593305,,76.728775,0.6885824,1.2662141,8.001569
2017-11-24,-0.5978291414589552,0.801623551065242,,74.53891,1.0937878,1.7321903,9.583735
2017-12-01,-0.4972040784469378,0.8676336233547726,,67.42745,1.3069121,1.582089,8.668279
2017-12-08,-0.3893781415452015,0.9210779895789526,,67.67638,1.5167083,2.4588625,9.224584
2017-12-15,-0.27591294500296043,0.9611826292540837,,68.20792,1.0526924,1.3440335,10.179463
2017-12-22,-0.15845177496083632,0.9873667175937016,,62.306705,0.98984945,1.6943209,7.3937764
2017-12-29,-0.03869579017652689,0.9992510374388481,-3.3239975091496206,54.23593,0.770308,1.2601925,7.0657206
2018-01-05,0.08590610426133272,0.9963032375991965,,65.43996,0.67773026,1.2715162,5.774526
2018-01-12,0.20496611396949532,0.9787690698649216,4.214516536906444,52.873802,0.7287092,1.2904826,5.816747
2018-01-19,0.321057654185271,0.9470596510722283,,76.886055,0.8797512,1.8083693,11.040153
2018-01-26,0.4324994021339788,0.901634220265486,,65.29726,0.6798123,1.0071945,8.17569
2018-02-02,0.5376773767406141,0.8431506618282,,67.2346,1.5826082,2.4123304,9.86985
2018-02-09,0.6350683134867438,0.7724559775191742,,68.089066,0.96579134,1.269045,10.068571
2018-02-16,0.7232617254437388,0.6905740195722293,-5.027624168531304,68.15243,1.294288,2.3125372,11.493082
2018-02-23,0.8009803309782905,0.5986906625177214,,69.37713,1.7706778,2.6440032,10.35525
2018-03-02,0.8670985522812081,0.4981366284784055,,82.86584,0.8050666,1.9916264,8.012304
2018-03-09,0.9206588168102428,0.3903682146763026,,76.03134,0.9655085,1.4082423,7.959774
2018-03-16,0.9608854255574977,0.27694620226893646,,70.095375,1.5776949,2.7180364,9.767583
2018-03-23,0.9871957872910085,0.15951325197263655,1.743035283370375,69.67373,1.2602619,1.9761653,9.068068
2018-03-30,0.9992088560679753,0.03977011384605572,,59.89161,1.6756773,2.4106677,10.683807
2018-04-06,0.9967506498213929,-0.08054900421874167,,67.5703,1.5168984,1.928568,9.402829
2018-04-13,0.9798567700958665,-0.1997015525660636,-14.246384717299122,66.21968,1.2697222,1.7141556,10.038072
2018-04-20,0.9487718864399473,-0.31596187665790293,-6.440670746350321,55.37358,0.8430503,1.1940904,6.6080117
2018-04-27,0.9039461929224011,-0.42764620926777464,-13.132534574777225,71.25233,0.87655675,1.0735127,7.9037447
2018-05-04,0.8460288880917339,-0.533137056031809,,79.217834,0.8089362,1.1008148,9.661402
2018-05-11,0.7758587728069828,-0.6309066211876704,-4.009458677902899,71.48761,0.98137593,1.3036355,7.7803736
2018-05-18,0.6944521021088763,-0.719538934232584,,89.23869,0.54906,0.7146983,8.698368
2018-05-25,0.6029878670694714,-0.7977503570459932,6.97551986128417,73.40932,0.55712426,0.91153556,12.111842
2018-06-01,0.5027907197793043,-0.8644081744776648,,78.03383,0.6983911,0.9398829,8.122208
2018-06-08,0.3953117887649151,-0.9185469991587165,1.453254442825994,80.504166,0.9847672,1.7970737,9.730014
2018-06-15,0.2821076626819194,-0.9593827529490743,,77.35638,0.70244724,1.0680827,8.887508
2018-06-22,0.16481784665719793,-0.9863240225317866,-1.0860279471178274,84.09445,0.52095866,0.78443426,9.742052
2018-06-29,0.04514101777397193,-0.9989806246941579,7.946764529086295,78.022446,0.7694728,1.036769,8.632154
2018-07-06,-0.07518957641475855,-0.9971692572470178,4.120392989830776,68.48793,1.2945356,2.002218,7.970466
2018-07-13,-0.19443122004766195,-0.9809161537413774,4.579180988850453,74.10331,0.65174365,1.2344084,8.722964
2018-07-20,-0.3108569682435036,-0.9504567035349151,9.879185051996842,60.37265,0.69964963,1.2849977,8.705428
2018-07-27,-0.4227806579826773,-0.9062320427107697,14.774399846648521,63.945686,0.55113655,0.92980796,8.663921
2018-08-03,-0.5285813283559292,-0.8488826652214553,22.53996150942882,52.802433,0.5485814,1.003413,6.4006233
2018-08-10,-0.6267266965083301,-0.7792391467859886,13.266018018310405,55.23726,0.7405192,1.2639543,9.029159
2018-08-17,-0.7157953492826642,-0.6983101158835584,8.493525239432358,59.763683,0.7683066,1.3027408,11.351868
2018-08-24,-0.7944973291665992,-0.6072676460566135,,81.839066,0.4534575,0.78279626,10.662459
2018-08-31,-0.8616928164028521,-0.5074302810827518,-3.9777485714301406,62.656586,0.79966617,1.8890876,7.7041044
2018-09-07,-0.9164086366943458,-0.4002439388573056,,69.13945,1.0128833,1.5172402,6.849195
2018-09-14,-0.9578523554276669,-0.28726097055059635,10.512841953190133,67.68393,0.8589601,1.2456126,11.720016
2018-09-21,-0.9854237542919524,-0.17011767832049052,11.644097124902771,64.01327,0.92699194,1.5112354,7.4988265
2018-09-28,-0.9987235240803972,-0.050510617185222886,,64.97629,0.755396,1.0390261,9.999827
2018-10-05,-0.9975590477788613,0.06982797572987089,13.888372448912435,63.76131,1.0940322,1.5783272,8.717364
2018-10-12,-0.981947190186646,0.18915526872004093,,72.08647,1.0495528,1.3716791,8.863688
2018-10-19,-0.9521140536681102,0.3057430764672831,-20.2861747283377,66.60163,2.3260274,3.7300367,9.649846
2018-10-26,-0.9084917035725082,0.41790288888678667,,67.5,1.09508,1.765786,9.180372
2018-11-02,-0.8517119107469189,0.5240103253675756,,52.922344,0.7207421,1.3393081,6.4130363
2018-11-09,-0.7825970017677834,0.6225286602431057,,49.366936,1.1110133,2.2269077,7.1911125
2018-11-16,-0.7021479494046978,0.712031078778713,,68.12245,0.91298246,1.1346585,8.057331
2018-11-23,-0.6115298757991053,0.7912213413483807,,50.06714,1.0862852,1.86016,8.648448
2018-11-30,-0.5120551783114646,0.8589525565270845,-13.79804375197682,73.159485,0.75214756,1.8235407,9.037267
2018-12-07,-0.4051645224207563,0.9142437912130223,,59.51185,0.9484716,1.8551604,7.3278546
2018-12-14,-0.29240597695107734,0.9562942772197719,,58.907295,1.4500483,1.9469652,7.93948
2018-12-21,-0.17541259380427843,0.9844950085880858,,50.266743,1.5772607,2.1882355,7.8402667
2018-12-28,-0.05587875690537313,0.9984375616565666,,79.73804,0.7978127,1.1437523,8.402948
2019-01-04,0.06875540848113941,0.9976335468520451,,67.462494,1.3795964,1.5168694,9.083019
2019-01-11,0.18809941761179758,0.9821499931752291,,67.64066,1.3223193,1.5531552,9.319494
2019-01-18,0.3047192331091634,0.9524422234305676,,67.56234,1.1730208,1.4290204,8.75069
2019-01-25,0.4169258813287287,0.908940487313808,,64.49286,0.8093768,1.4360026,7.0827622
2019-02-01,0.5230943033491326,0.8522748088519838,-15.899586581029553,59.53185,1.1062447,1.6988925,7.052313
2019-02-08,0.6216868902665479,0.7832658619336791,,67.78595,1.3506554,1.7730322,8.512007
2019-02-15,0.7112757519738152,0.7029130847082615,,68.378845,1.3624793,2.0965264,10.300615
2019-02-22,0.7905633969115482,0.612380204990065,,61.93646,1.8411266,2.6518657,10.963109
2019-03-01,0.8584015232918917,0.512978386299228,,70.639046,1.7224277,2.755079,10.696143
2019-03-08,0.9138076496466615,0.4061472386305789,-29.008723512334853,67.81751,1.7298793,2.3450518,9.741938
2019-03-15,0.9559793438440766,0.2934339689665273,-23.422452024656565,66.89924,0.9111243,1.3644978,7.3949447
2019-03-22,0.984305844499033,0.17647097349152166,-10.232985919456667,68.097084,0.8172179,0.9373702,9.1366205
2019-03-29,0.998376906467142,0.056952196034039754,,69.17226,1.0186819,1.5480824,8.570491
2019-04-05,0.9979887423155984,-0.06339140486951038,-23.915519071378753,65.979,1.1170596,1.6687307,9.097188
2019-04-12,0.9831469737221499,-0.1828169249850199,-23.8457657100316,67.787445,0.96991885,1.258276,9.18758
2019-04-19,0.9540665500578387,-0.2995947563972602,,67.52675,1.0392803,2.190914,8.223191
2019-04-26,0.9111686353326631,-0.41203363695942635,,67.5,1.536796,2.0926108,9.416957
2019-05-03,0.8550745085896932,-0.518505144391157,,67.527626,1.0634387,1.6037537,8.491949
2019-05-10,0.7865965660866021,-0.6174672802835514,-15.600200879225497,67.717125,0.9753394,1.572228,9.920621
2019-05-17,0.7067265555776159,-0.7074868024503348,,73.24412,0.9907735,1.2557641,8.433652
2019-05-24,0.6166212130956382,-0.7872599821916922,-4.764774264797268,67.703705,0.7609811,0.91002023,7.525334
2019-05-31,0.5175855102531889,-0.8556314858488706,7.356902232985846,68.0358,0.7103556,1.2175858,9.926416
2019-06-07,0.4110537546870351,-0.9116111071930239,,84.99107,0.6516675,0.8967971,10.936766
2019-06-14,0.2985688173637202,-0.9543881083175908,-5.068606560700829,73.23675,0.4676341,0.8189773,6.1927505
2019-06-21,0.18175978759137534,-0.9833429613388902,,79.96147,0.56828946,0.80023867,9.013161
2019-06-28,0.062318379354325076,-0.998056320853012,,75.712166,1.0919473,2.0076349,8.100228
2019-07-05,-0.05802556932878035,-0.9983150972033183,,67.61577,2.0692255,2.5401607,11.372548
2019-07-12,-0.17752914918703497,-0.984115542601034,-10.907057258157579,67.517494,1.1537682,2.113887,11.314631
2019-07-19,-0.2944616217868012,-0.9556633054034704,-5.572738730372038,79.86121,0.48945454,0.74579656,10.93411
2019-07-26,-0.4071294853542516,-0.9133704517637858,-6.834699754098665,70.201584,0.5376046,0.8232318,10.6333275
2019-08-02,-0.5139010013093103,-0.8578494977869301,-0.23988260734631695,77.09003,0.5488965,0.7925907,11.953194
2019-08-09,-0.6132298262997502,-0.7899045386224707,,54.748093,0.52188647,0.78584045,8.197187
2019-08-16,-0.7036774074790128,-0.7105196029692745,11.987955217717825,73.30192,0.4400268,0.95348173,8.620286
2019-08-23,-0.7839338166829201,-0.620844401650647,15.793315004712355,75.37318,0.622132,1.2649726,10.960825
2019-08-30,-0.8528367217694595,-0.522177676659508,,71.13119,0.5167872,0.871978,5.004906
2019-09-06,-0.9093882203647925,-0.4159483918249421,0.7148527680467112,68.52671,0.917459,1.8886473,9.260454
2019-09-13,-0.9527692922168511,-0.30369503751065885,-6.29342103293564,79.536415,0.63821864,0.95722705,10.339846
2019-09-20,-0.9823516608469237,-0.18704334906991657,,58.697464,0.78161365,1.4095057,6.710438
2019-09-27,-0.9977068927101168,-0.06768276175455162,-0.5151600387463589,56.951485,1.2193133,1.7284526,7.365545
2019-10-04,-0.9986126020839734,0.052658056924614005,-1.6976930768629188,55.85477,0.771935,1.322753,5.8736887
2019-10-11,-0.9850556718215013,0.172236243027682,,60.021175,0.8372489,1.8751409,7.277287
2019-10-18,-0.957232443323312,0.2893199776186952,,56.8043,1.1259264,2.416187,7.96952
2019-10-25,-0.9155458729775467,0.40221356823680365,,64.37225,0.6474492,1.2639027,6.0264945
2019-11-01,-0.8605996962501181,0.5092820071573356,,65.93825,0.97014964,1.9685566,5.617712
2019-11-08,-0.7931896839451843,0.6089746507720486,-7.331561526909326,55.01424,1.0982646,1.7671319,7.1281505
2019-11-15,-0.7142921172691032,0.699847677146407,4.982505194187894,49.162457,0.81995535,1.8201067,6.9470105
2019-11-22,-0.6250496486104377,0.7805849965070866,,42.684196,0.93311566,1.68807,5.6460443
2019-11-29,-0.5267547528105542,0.8500173118187018,,60.700737,1.1737009,2.0312304,6.7348795
2019-12-06,-0.42083100859565564,0.9071390534005044,-11.704940068284117,39.826714,0.9513607,1.7117766,8.208068
2019-12-13,-0.30881248126625377,0.9511229423235357,,53.563713,0.81623065,1.3319228,6.0138965
2019-12-20,-0.19232150523909483,0.9813319716704275,,69.22743,0.801557,1.191334,8.809118
2019-12-27,-0.07304518821104743,0.9973286321364752,,67.74046,0.9897969,1.3605897,9.145123
2020-01-03,0.051584366869408364,0.9986686402879997,-11.082110888368788,67.57296,1.451,1.9670186,11.132414
2020-01-10,0.17117705961019986,0.985240282501282,-7.035298473814464,50.711838,0.78191155,1.320495,6.004388
2020-01-17,0.2882906407095177,0.9575429528116719,,66.962234,1.0878808,2.029279,7.496995
2020-01-24,0.4012289854475009,0.9159777842484877,,67.3088,1.5237066,2.3329325,7.0934854
2020-01-31,0.5083564379375122,0.8611467540480452,,67.73311,0.9116697,1.1705183,7.273452
2020-02-07,0.6081214998935418,0.7938439653781019,,70.074425,1.3683658,1.8873295,7.324356
2020-02-14,0.6990793005655562,0.7150441465537444,,65.54084,2.1187816,4.042874,10.044289
2020-02-21,0.7799125224167177,0.6258885343075018,,67.590324,0.9838423,1.4702113,9.106442
2020-02-28,0.8494504794814806,0.527668345562516,,68.252754,1.0250256,1.3712907,8.715364
2020-03-06,0.9066860720977985,0.4218060770826634,,75.057846,0.87498647,1.4447085,8.568227
2020-03-13,0.9507903724625832,0.3098349038318025,-15.276775367431242,67.93472,1.3025013,1.7688551,9.503089
2020-03-20,0.981124629771712,0.19337647441020586,,69.7006,1.529096,1.9861667,10.422318
2020-03-27,0.9972495210773451,0.07411742515094437,-0.22858326088859826,71.916885,0.7409981,0.97766614,8.886255
2020-04-03,0.9989315138848577,-0.046215046983708354,-12.149583589839779,68.65295,0.9918071,1.5254829,9.757121
2020-04-10,0.986146248341595,-0.16587819893463143,,67.87375,0.9832363,1.5153953,10.221062
2020-04-17,0.9590788900341131,-0.28313898122818354,3.7621923138346176,64.27846,0.5684813,0.93187857,9.534792
2020-04-24,0.9181214482844365,-0.39629913726891813,12.879078119261095,61.107235,0.33757576,0.5091187,9.293349
2020-05-01,0.8638670987837349,-0.503719798736334,-4.544861530061951,67.616875,0.9115321,2.1435897,8.13123
2020-05-08,0.7971015927871943,-0.6038452208771035,,71.11175,0.90730214,1.0729214,8.98443
2020-05-15,0.7187918772884232,-0.6952253139408723,-7.547246286806029,67.80587,1.1092081,1.5013239,10.548508
2020-05-22,0.6300720909843687,-0.7765366444428655,-13.096353445980043,70.670395,1.2874945,1.6351422,11.650873
2020-05-29,0.5322271388474397,-0.8466016020976267,-7.2075003805232996,73.03637,0.8434592,1.4857445,11.570493
2020-06-05,0.42667408318992467,-0.9044054548343001,15.365867770589801,78.66598,0.65164584,1.0200994,8.624961
2020-06-12,0.31494162072895193,-0.9491110448902284,,74.314606,1.0708219,1.9593549,8.58239
2020-06-19,0.19864794288017112,-0.9800709131432666,,67.5,1.2910336,1.626134,9.053774
2020-06-26,0.07947729992362097,-0.9968366760893436,,70.898994,0.6066362,1.1596543,9.6392565
2020-07-03,-0.04084439154329611,-0.9991655196610109,19.634940792056085,72.35852,0.56851757,0.7869903,8.941531
2020-07-10,-0.16057454459499376,-0.9870237158387383,,89.28687,0.5767328,1.0054717,7.3394413
2020-07-17,-0.2779791393987801,-0.9605871111248129,,75.98162,0.87669533,1.2372288,10.099391
2020-07-24,-0.3913578365610259,-0.9202385798054075,8.091918954852844,86.20708,0.71058244,1.3682733,9.08103
2020-07-31,-0.4990686026885319,-0.8665624788845385,-2.208347063235351,66.5802,1.434228,2.2621784,9.594717
2020-08-07,-0.5995514915196489,-0.8003361849976323,3.0276019202162843,67.83031,1.1132597,1.4775643,10.749519
2020-08-14,-0.6913512362094071,-0.722518835873311,7.7689350201468415,71.78265,0.82226634,1.4227558,8.751967
2020-08-21,-0.7731383255706027,-0.6342374393978054,11.812099359886616,61.06027,0.71153617,1.1404101,9.251087
2020-08-28,-0.8437282590292712,-0.5367705514607103,,72.116196,0.49514136,0.68712264,11.326572
2020-09-04,-0.9020987014301837,-0.4315297589714715,,62.938698,0.83871686,1.469041,7.8536086
2020-09-11,-0.9474042892438845,-0.32003923622313857,,67.493614,1.2248933,1.5225697,7.939246
2020-09-18,-0.9789888737409319,-0.20391367068311472,4.411989477972384,67.52309,1.0478474,1.4725308,8.287893
2020-09-25,-0.9963950238187231,-0.08483487790576538,0.8146835318834178,58.774437,1.3020953,1.9675546,7.732949
2020-10-02,-0.9993706508539969,0.03547255575312556,,66.79125,0.64867955,1.3138605,9.066582
2020-10-09,-0.9878726596350429,0.15526624985999563,,67.5,1.4684508,1.9564433,9.732564
2020-10-16,-0.9620675724981452,0.27281126433401914,-5.8774230418155184,67.73832,1.0977422,1.5572361,9.32544
2020-10-23,-0.9223291176290545,0.3864052261209853,,65.11461,0.86799896,1.8617095,9.658786
2020-10-30,-0.8692328164574792,0.4944029842076182,,55.876423,1.0040771,1.6682339,7.4463444
2020-11-06,-0.8035476485339116,0.5952404359043674,-2.197289098981628,65.512856,1.0228324,2.1481009,8.649805
2020-11-13,-0.7262249146041543,0.6874571793269664,,59.37851,0.92295563,1.8034717,8.884025
2020-11-20,-0.6383844591746642,0.769717664006921,,66.375336,0.91364634,1.5700469,6.8501782
2020-11-27,-0.5412984521036173,0.8408305333122887,,64.255394,0.79011726,1.7139539,8.22051
2020-12-04,-0.4363729641045924,0.8997658785476209,,61.706745,0.9216919,1.9168558,6.2114506
2020-12-11,-0.3251276029999093,0.9456701548465688,,56.14024,1.0217292,1.9947064,7.12752
2020-12-18,-0.20917350564635637,0.9778785428342386,,67.89856,2.5975502,5.226626,9.70876
2020-12-25,-0.09019000427034513,0.9959245770286599,,67.613815,1.2674015,1.7991503,11.1544075
2021-01-01,0.017201575418260506,0.9998520419557735,-25.72076485570051,65.64881,1.0744524,1.5630257,7.23795
2021-01-08,0.13718540405660057,0.9905453876091833,,67.33485,1.2641326,1.4407881,8.653814
2021-01-15,0.2551824131233728,0.9668929289391521,-23.322641834538757,67.72746,1.1602443,1.4726262,7.7003756
2021-01-22,0.3694836834473831,0.9292372181882051,,77.57555,0.7833228,1.0725375,11.611557
2021-01-29,0.4784338202547012,0.8781236129591848,,63.978607,1.2324604,1.6417164,7.8550124
2021-02-05,0.580454927809098,0.8142923779467267,,67.5,1.7212912,2.236488,10.106207
2021-02-12,0.6740694616546162,0.7386679638813748,,71.182335,1.1821849,2.141917,8.680834
2021-02-19,0.7579216274973472,0.6523456189565257,,79.1596,1.2128412,1.8062812,8.851993
2021-02-26,0.8307970168121247,0.5565755266413303,,68.43737,1.2935123,1.9523274,9.604192
2021-03-05,0.8916401947968874,0.45274469960737107,,69.34589,1.0074244,1.3206922,11.344522
2021-03-12,0.9395699859530622,0.342356891994542,,54.085003,0.8125968,1.1147121,7.929367
2021-03-19,0.9738922359149924,0.22701082094141847,,81.82047,1.194311,1.5958581,7.862026
2021-03-26,0.9941098647022418,0.10837701279187609,-12.888175880596066,68.10714,1.7482543,2.6054318,8.9086685
2021-04-02,0.9999300657962057,-0.011826390691832589,,84.839134,0.79035467,1.2041117,8.249247
2021-04-09,0.9912685467787256,-0.13185851571739118,,63.21086,1.8457389,2.7705467,9.015972
2021-04-16,0.9682507501166718,-0.2499809690726521,-18.855239409050682,71.20574,0.5977726,0.8530353,11.104688
2021-04-23,0.9312100364121947,-0.3644830148102912,-14.941231535736677,77.0969,0.46973127,0.8598337,6.9934983
2021-04-30,0.8806828564301475,-0.47370635037968,-8.042980738776464,74.01715,0.5260391,1.5229933,8.240308
2021-05-07,0.8174009818249189,-0.5760691233798758,-17.130284248630602,67.53315,1.5436106,1.8123616,9.349996
2021-05-14,0.742280907086982,-0.6700888411055113,-11.377538902090066,67.50644,1.2732438,1.5370479,10.28395
2021-05-21,0.6564105761979381,-0.7544038410927472,2.9187807505612398,67.6642,0.70017165,0.99145156,8.982176
2021-05-28,0.5610336262283677,-0.8277930117131022,,69.604805,1.3457645,2.0565183,12.124211
2021-06-04,0.4575313760742512,-0.8891934772070711,4.866479127734522,75.215004,0.77203816,1.373341,11.577917
2021-06-11,0.3474028211842774,-0.9377159910299093,,68.895935,0.75469553,1.6642227,8.916739
2021-06-18,0.23224292400907015,-0.9726578145718654,2.5715540402724457,67.858315,0.7970541,1.1535058,9.56747
2021-06-25,0.11371951458594969,-0.9935128947338007,,75.5605,0.85740864,1.3517143,8.374345
2021-07-02,-0.00645086419810515,-0.9999791929590823,,64.55025,1.2291371,2.2572095,7.684515
2021-07-09,-0.12652781683868314,-0.9919630595773397,-8.6951950895766,66.68091,1.6068823,2.5065553,9.790677
2021-07-16,-0.24477230089725957,-0.9695805901076308,,64.48061,0.99669874,1.4439167,9.00522
2021-07-23,-0.3594718130884232,-0.9331559438780432,,71.50356,0.5410842,1.2204978,8.849617
2021-07-30,-0.46896519100763184,-0.8832166493127127,10.728082133933412,54.173695,0.66180146,1.368456,8.457364
2021-08-06,-0.5716666713027052,-0.8204859638785327,-0.8034915976672039,61.856964,0.8089566,1.3083963,10.156984
2021-08-13,-0.666088855860977,-0.7458723993404063,,72.39529,0.77714956,1.232588,6.823809
2021-08-20,-0.7508642533989489,-0.6604565640279754,9.702783864429307,67.50702,0.65221715,0.86496466,7.898752
2021-08-27,-0.8247650844733614,-0.5654755126737576,,64.70409,1.0513276,1.8031826,8.043566
2021-09-03,-0.886721063082993,-0.46230483047981086,14.164978958964127,69.5589,0.90279907,1.6092949,10.941731
2021-09-10,-0.9358348973349941,-0.35243871088460327,-7.980958536397509,67.73188,1.3140197,1.7234962,11.558177
2021-09-17,-0.97139528468375,-0.23746831555846842,-5.608782450975156,63.821857,0.9154171,1.8572783,8.551045
2021-09-24,-0.9928872135356962,-0.11905873003404988,-2.3885531611444435,65.94627,0.85007685,1.5294733,7.7523236
2021-10-01,-0.9999994220246925,0.001075151282798226,,66.63594,1.0965948,1.887951,6.068357
2021-10-08,-0.9926289059345095,0.12119346147073601,-3.1456314437992035,66.83523,1.0499388,1.5069228,9.304343
2021-10-15,-0.9708824104813836,0.2395565591209271,0.6484642530984388,58.474476,1.3002417,1.9449881,6.804145
2021-10-22,-0.9350748843515574,0.3544502230989869,,69.14784,0.8606858,1.1772356,6.8861823
2021-10-29,-0.8857249183835637,0.4642104791518923,1.776995066139051,53.349586,1.0912937,1.5270863,7.9139986
2021-11-05,-0.8235472349556007,0.5672476988027229,,73.22004,0.8706948,1.1741196,7.565355
2021-11-12,-0.7494423368521953,0.6620696215153815,,38.572613,1.0928078,1.6063988,7.0153375
2021-11-19,-0.6644834655228552,0.7473029667054297,4.968489806531181,53.091473,0.58378035,0.9245398,5.4699283
2021-11-26,-0.5699010576127624,0.821713322596059,,60.545074,1.175644,2.0429785,7.047792
2021-12-03,-0.46706492487743034,0.8842230238742036,,71.057686,0.7604091,1.362797,6.6888604
2021-12-10,-0.3574644155648614,0.9339267592294762,,70.51929,0.92676634,1.1220946,8.409963
2021-12-17,-0.2426868445825954,0.9701046827361175,-0.5383985216914766,62.13503,0.77551824,1.1029242,10.704623
2021-12-24,-0.12439450483979998,0.9922328391893008,2.119564147033799,64.35431,0.9087507,1.2857635,7.587846
2021-12-31,-0.004300592702981974,0.9999907524084426,,77.13896,0.9632612,1.548219,7.112732
2022-01-07,0.1201261651823505,0.9927586335250793,,64.79777,2.0996525,3.4189389,9.459057
2022-01-14,0.23851257519407648,0.9711394088771653,-21.65935260178884,67.5,1.4715031,2.0615346,9.820028
2022-01-21,0.3534446712740877,0.9354554315134164,,72.95628,1.6163766,2.1321375,11.4399185
2022-01-28,0.4632579225674917,0.88622350294858,,68.80397,1.0965917,1.4074615,10.604932
2022-02-04,0.5663619330814524,0.8241566360566663,,76.592896,1.2847146,2.1327446,9.677124
2022-02-11,0.6612634749656386,0.7501537286959042,,79.17653,1.0959344,1.8321108,10.353179
2022-02-18,0.746588114532413,0.6652865452111116,-4.309139057417923,70.71285,1.3337454,2.2306805,9.219114
2022-02-25,0.8211001178128892,0.5707841943569036,,68.5999,1.2546251,2.1274035,7.6891756
2022-03-04,0.8837203473619977,0.4680153284438345,,67.81273,2.3311436,4.2592955,10.474596
2022-03-11,0.9335418911179212,0.35846832151248087,,67.80595,1.6605054,2.6933107,11.566571
2022-03-18,0.969843196967294,0.24372971360968387,,78.08609,0.9754094,1.3407265,10.388672
2022-03-25,0.992098522791769,0.12546123335273648,-5.492129189361833,86.049644,0.5884998,0.8146222,9.118641
2022-04-01,0.9999855506507186,0.005375731557583884,,76.74379,1.3486967,3.3187377,8.503352
2022-04-08,0.9933900548258936,-0.11478762552212701,-7.01769856842688,67.85427,1.070336,2.3876975,9.0098295
2022-04-15,0.9724075561219968,-0.23328854407545518,-22.628056679329717,67.82694,1.747405,2.5485127,11.106112
2022-04-22,0.9373419384643772,-0.3484108069446808,,78.490295,1.1054105,1.7971088,9.378071
2022-04-29,0.8887010478292915,-0.45848712914008766,,68.59124,1.2887653,1.746632,9.368652
2022-05-06,0.8271893372462497,-0.5619233046832195,,67.11595,1.5531689,1.7390447,10.27804
2022-05-13,0.753697664392914,-0.6572212950663319,,66.45671,2.0036664,3.3004353,9.832643
2022-05-20,0.6692903895412567,-0.7430009249440493,,67.28371,1.3238353,3.3961043,8.282907
2022-05-27,0.5751899607119775,-0.8180198708443175,,66.19645,1.6321661,1.933552,8.893841
2022-06-03,0.47275920928627757,-0.881191653407483,-14.113703315449413,61.553402,0.846835,2.0476732,8.827839
2022-06-10,0.36348161248290634,-0.9316013725767187,-8.801308412024355,61.17013,0.4635243,0.9376241,8.67468
2022-06-17,0.24893980855376657,-0.9685189578512204,-7.47835953736319,78.869156,0.5132655,0.7028986,13.056873
2022-06-24,0.13079267585675922,-0.9914097417023038,-4.004125903361569,68.38372,0.9372982,1.5610822,10.157525
2022-07-01,0.01075130776352193,-0.9999422030204416,,80.35361,0.69459814,0.8954606,8.96875
2022-07-08,-0.10944576864891556,-0.993992768446958,-6.448125370424634,67.450905,1.0849416,1.8801283,8.421703
2022-07-15,-0.2280577712215198,-0.9736476020539838,,79.247826,0.7298667,0.9493944,10.488271
2022-07-22,-0.34336687399638804,-0.939201357453208,-9.684217414051886,59.692074,1.4543291,3.4648688,8.221072
2022-07-29,-0.45370308603134424,-0.8911529104063088,-18.39231343747275,70.29001,1.3827848,3.2370389,10.947299
2022-08-05,-0.5574684374327892,-0.8301981337405212,-14.338388940673326,72.68463,1.0250196,1.6840842,7.6481433
2022-08-12,-0.65316012232693,-0.7572198192083127,,72.34652,0.830362,1.2619535,9.867237
2022-08-19,-0.7393922635959241,-0.673274892250183,-17.25086443100429,67.62129,1.2146724,2.0697076,10.894579
2022-08-26,-0.8149159841660791,-0.5795791048257612,,67.63942,1.1849517,1.9516194,12.081859
2022-09-02,-0.8786374941610001,-0.4774894280028391,,60.762592,0.607775,1.117668,6.557182
2022-09-09,-0.9296339319682695,-0.3684843993077793,,75.38037,0.9519579,1.6999292,9.465556
2022-09-16,-0.9671667297977312,-0.2541427094613622,-3.56448231043791,60.5633,0.70864666,1.6367468,6.8360696
2022-09-23,-0.9906923101615609,-0.13612033862266704,-4.263422254909159,66.35899,1.3342673,2.8773391,7.701227
2022-09-30,-0.9998699583618592,-0.016126573270657762,-13.775685172131489,68.9377,1.0690671,1.588101,8.721269
2022-10-07,-0.9945667569706337,0.1041007489354256,,77.036026,0.8293599,1.3023775,8.773622
2022-10-14,-0.9748595108374125,0.22282040779479959,,68.03444,1.743523,2.080499,10.640193
2022-10-21,-0.9410336347451197,0.3383130181923075,,65.04447,1.252654,1.8764757,9.169897
2022-10-28,-0.8935790198239952,0.4489059314938798,,61.05278,1.9180982,4.137572,9.458962
2022-11-04,-0.8331829385891785,0.5529974600700271,-6.092207069293465,56.27085,0.79145885,1.8992964,8.279519
2022-11-11,-0.7607200913564104,0.6490800741100398,,68.18289,1.1272395,1.3696293,10.096291
2022-11-18,-0.6772399381909491,0.7357622347736525,-8.3676600247546,63.33675,0.9262886,1.7857503,8.541431
2022-11-25,-0.5839514998576998,0.8117885474764613,,49.39131,0.75029624,1.5844456,7.9310665
2022-12-02,-0.4822058478963526,0.8760579434344281,,63.93822,1.203046,2.7578082,7.025098
2022-12-09,-0.37347653741307074,0.9276396261490467,,71.38548,1.3144629,2.6002264,8.643258
2022-12-16,-0.2593382659754056,0.9657865518844574,,59.252106,1.046899,1.9299799,8.893827
2022-12-23,-0.14144406768794202,0.9899462489023779,,74.52293,0.80139613,1.0937697,11.170882
2022-12-30,-0.021501372740813793,0.999768818762748,-12.965959169559397,64.7374,1.2933611,2.1745138,8.833771
2023-01-06,0.10303137904317879,0.9946781061893646,-35.2456549043232,68.34728,1.6301117,2.1555688,11.278961
2023-01-13,0.22177215755648186,0.975098513039961,,72.55538,0.84151614,1.0004003,10.2314625
2023-01-20,0.3373010691361842,0.9413968285264122,-16.39687596155062,69.86978,0.98182225,1.2945706,8.310749
2023-01-27,0.44794493940789115,0.8940611451454876,-9.055872656747027,73.77034,1.0511167,1.5701872,9.273801
2023-02-03,0.5521013427459208,0.8337770129585915,-15.810664213219383,70.36522,0.9483339,1.6699718,8.535411
2023-02-10,0.6482618097757122,0.7614175109532997,,59.299526,1.2373472,2.1506355,10.212494
2023-02-17,0.7350336741329412,0.6780306024735382,-24.27034912597452,73.66134,1.4667236,2.7684722,11.452806
2023-02-24,0.8111602420785621,0.5848239578463322,-9.510935458900093,65.520454,0.99518776,1.3900533,8.332624
2023-03-03,0.8755389928586302,0.4831474640149687,-19.053556420681275,68.23271,0.9985111,1.3580408,8.8745985
2023-03-10,0.9272375462179537,0.374473674486883,-21.591596212464907,67.620415,1.2266287,1.7547619,11.716181
2023-03-17,0.9655071658143364,0.2603764827344581,-10.418289747498022,76.39435,0.7481801,1.0700823,9.680991
2023-03-24,0.9897936029670716,0.14250832791617088,,67.46471,1.0734102,1.6538043,8.246706
2023-03-31,0.9997451236925734,0.022576263041545485,,67.863396,0.78942055,1.0850852,10.025312
2023-04-07,0.9952176027737294,-0.09768276782171598,-3.906878536782699,74.168945,1.0064493,1.5929036,9.543425
2023-04-14,0.9762766110869321,-0.21652708524481437,2.666758869257478,85.33461,0.48832625,0.9912636,9.593797
2023-04-21,0.9431964659565866,-0.33223549871590435,3.826590331500597,72.27042,1.1827756,1.8931962,10.145395
2023-04-28,0.8964562582905575,-0.44313223418263453,,67.85059,1.7803615,2.1569645,10.29351
2023-05-05,0.8367329140344921,-0.5476112038402312,-8.030509590935793,68.09695,1.1977968,2.299385,10.565279
2023-05-12,0.7648913904341226,-0.6441592666722685,,67.64872,1.0354232,1.2367609,11.490461
2023-05-19,0.6819721490904629,-0.7313781428679254,-6.2139042432224585,68.92568,1.275452,1.927232,11.124865
2023-05-26,0.5891760872322963,-0.8080046647350754,-6.164576263723006,71.20029,0.5054042,0.6976147,9.336017
2023-06-02,0.4878471454423119,-0.8729290708206411,5.881612233577954,75.250046,0.50792754,0.7604927,10.642126
2023-06-09,0.37945284372454435,-0.925211078289358,,70.903336,0.9006908,1.1231229,11.795906
2023-06-16,0.26556302780405594,-0.9640935007889755,3.1500905175556397,64.86999,0.6161884,0.9222992,10.220224
2023-06-23,0.14782713347053048,-0.9890132145779883,17.230130221817774,75.64059,0.4168114,0.7476679,8.394934
2023-06-30,0.02795029824021032,-0.999609314096404,14.57993078377882,72.81066,0.5080045,0.74002445,11.8464985
2023-07-07,-0.09233133369539123,-0.9957283388645872,3.4362739941284985,66.36118,0.6261564,1.2016522,7.658488
2023-07-14,-0.2112757555821793,-0.9774264960104055,13.083455054504128,74.680595,0.35666832,0.74552417,8.900691
2023-07-21,-0.3271603271220951,-0.9449688462364056,8.527312588842449,64.24789,0.93905306,1.3649281,8.639082
2023-07-28,-0.4383067230125192,-0.898825465016444,5.13376075905245,78.31843,0.7039547,0.8988285,8.347432
2023-08-04,-0.5431052396834317,-0.8396646346181327,6.977480954713599,68.80328,0.5856922,1.1811595,6.1338096
2023-08-11,-0.6400381082043503,-0.7683431655492202,,67.30592,1.0492069,1.495947,9.436884
2023-08-18,-0.7277014757264236,-0.6858939875998223,11.298976875602335,48.245953,0.67593133,1.1796172,9.789885
2023-08-25,-0.8048257371083452,-0.593511190196115,11.52498731386737,67.10577,0.5193721,0.84036857,6.908465
2023-09-01,-0.8702939222685674,-0.49253272872205434,6.081963384260973,67.63033,0.7849033,1.0719005,12.01899
2023-09-08,-0.9231578729647039,-0.38442104726885545,11.327580604986593,53.51201,1.015968,1.879327,8.069349
2023-09-15,-0.9626519747161487,-0.2707418984477642,2.8336064842596898,66.471054,0.92375803,1.1123337,9.292473
2023-09-22,-0.9882042449941422,-0.15314166701312007,,67.4059,1.3137633,1.7572755,9.368364
2023-09-29,-0.9994446170919858,-0.033323525711631344,,67.5,1.101533,1.4194704,10.299632
2023-10-06,-0.9962102997023297,0.0869772313136861,,49.049892,1.3998189,2.9606574,7.48531
2023-10-13,-0.9785481345802031,0.20601832032517084,2.537375616583887,56.67465,0.829044,1.6331941,8.769902
2023-10-20,-0.9467139181463862,0.3220757010206104,-7.746482386682999,66.463905,0.89760554,1.8746781,7.9263597
2023-10-27,-0.9011686968561569,0.4334685453485363,-5.425332842498591,55.760883,1.4286066,2.1129465,7.651043
2023-11-03,-0.8425720899866032,0.5385835804920232,-0.5399977509670748,73.14791,1.264352,2.134202,10.764936
2023-11-10,-0.7717727365467837,0.6358984534680745,,67.82914,0.9717411,1.3517779,9.253219
2023-11-17,-0.6897960046655887,0.7240037789593305,,65.06743,1.1239573,1.6213251,7.771092
2023-11-24,-0.5978291414589552,0.801623551065242,1.7445669903888472,67.9518,1.0646471,1.6336126,7.812646
2023-12-01,-0.4972040784469378,0.8676336233547726,3.8357884967722384,53.50142,0.9683442,1.6007648,7.337634
2023-12-08,-0.3893781415452015,0.9210779895789526,,58.760265,0.6127055,1.0333887,8.636963
2023-12-15,-0.27591294500296043,0.9611826292540837,,45.671463,1.2921537,1.7603813,9.633101
2023-12-22,-0.15845177496083632,0.9873667175937016,,67.616135,1.1185201,1.3962375,8.316944
2023-12-29,-0.03869579017652689,0.9992510374388481,4.209241913698435,61.44762,1.103003,1.7598284,8.577644
2024-01-05,0.08590610426133272,0.9963032375991965,,73.726074,1.1192682,1.8068953,7.4541306
2024-01-12,0.20496611396949532,0.9787690698649216,,68.63685,1.2587677,1.861082,7.728273
2024-01-19,0.321057654185271,0.9470596510722283,,67.95038,1.2683216,1.7316669,9.269438
2024-01-26,0.4324994021339788,0.901634220265486,-0.23072682321463844,54.810455,1.3183237,1.599315,10.24572
2024-02-02,0.5376773767406141,0.8431506618282,,64.594055,0.9227643,1.3089538,6.739147
2024-02-09,0.6350683134867438,0.7724559775191742,,68.33059,1.1421436,1.4712526,7.379821
2024-02-16,0.7232617254437388,0.6905740195722293,-0.7101519364815658,67.69419,1.6128165,1.88512,9.711229
2024-02-23,0.8009803309782905,0.5986906625177214,-1.6306170060672684,67.56179,1.427913,1.7020204,10.000609
2024-03-01,0.8670985522812081,0.4981366284784055,14.105477542266328,67.62708,0.879587,1.3385391,9.374437
2024-03-08,0.9206588168102428,0.3903682146763026,,76.15584,0.8155441,1.4948505,9.099512
2024-03-15,0.9608854255574977,0.27694620226893646,,65.98088,2.0801952,2.746785,10.2873125
2024-03-22,0.9871957872910085,0.15951325197263655,,67.55501,1.4748404,1.7712756,8.810827
2024-03-29,0.9992088560679753,0.03977011384605572,,67.5,0.9236129,1.2888118,7.3583207
2024-04-05,0.9967506498213929,-0.08054900421874167,2.8592157965714478,66.26454,0.6951011,1.4772857,6.0987587
2024-04-12,0.9798567700958665,-0.1997015525660636,0.5080771528506034,68.20321,1.2029295,1.9134258,9.191626
2024-04-19,0.9487718864399473,-0.31596187665790293,4.74067203110792,67.83263,0.90639275,1.1911613,11.118763
2024-04-26,0.9039461929224011,-0.42764620926777464,,67.34711,1.302518,1.5906582,9.065968
2024-05-03,0.8460288880917339,-0.533137056031809,,76.89738,0.9125479,1.1653924,8.103127
2024-05-10,0.7758587728069828,-0.6309066211876704,-6.121778663335164,78.97982,0.9760763,1.291482,7.2770805
2024-05-17,0.6944521021088763,-0.719538934232584,0.6983593933469194,73.90865,0.8776002,1.2970821,8.396316
2024-05-24,0.6029878670694714,-0.7977503570459932,2.1742911233070856,78.28986,0.65901387,0.8818298,9.704582
2024-05-31,0.5027907197793043,-0.8644081744776648,19.17633703534085,67.000404,0.65194976,1.5523169,10.924534
2024-06-07,0.3953117887649151,-0.9185469991587165,13.07758281546893,62.900887,1.105112,2.0182536,8.955348
2024-06-14,0.2821076626819194,-0.9593827529490743,16.9388166969907,82.39174,0.5916599,1.0287534,8.1119
2024-06-21,0.16481784665719793,-0.9863240225317866,,88.07237,0.48425856,0.6317657,10.0980425
2024-06-28,0.04514101777397193,-0.9989806246941579,24.02677051946756,74.61483,0.5937155,0.9036485,11.369824
2024-07-05,-0.07518957641475855,-0.9971692572470178,17.878372740667686,68.242905,0.9842401,1.5713865,6.6975527
2024-07-12,-0.19443122004766195,-0.9809161537413774,19.262394409601683,69.24821,1.4093409,2.4475348,8.950592
2024-07-19,-0.3108569682435036,-0.9504567035349151,21.46827622307157,76.446266,0.9374873,2.3580666,10.084575
2024-07-26,-0.4227806579826773,-0.9062320427107697,25.262620675636953,76.618164,0.5851446,1.1125953,7.8811636
2024-08-02,-0.5285813283559292,-0.8488826652214553,6.3062155241757125,81.47875,0.79872304,1.1583105,9.777743
2024-08-09,-0.6267266965083301,-0.7792391467859886,,82.39913,0.7263118,1.0551379,8.76443
2024-08-16,-0.7157953492826642,-0.6983101158835584,8.263833704616701,59.986584,1.9239382,2.9116063,8.522614
2024-08-23,-0.7944973291665992,-0.6072676460566135,17.033932471881883,59.201515,0.8283886,1.339808,6.873262
2024-08-30,-0.8616928164028521,-0.5074302810827518,,66.08595,1.0440307,1.5250614,9.094724
2024-09-06,-0.9164086366943458,-0.4002439388573056,3.2045713012125816,60.90739,1.0195725,1.5349392,10.378353
2024-09-13,-0.9578523554276669,-0.28726097055059635,,70.602234,0.914354,1.3607532,10.153829
2024-09-20,-0.9854237542919524,-0.17011767832049052,2.5950666711266877,58.377605,0.76929045,1.1953734,7.9548683
2024-09-27,-0.9987235240803972,-0.050510617185222886,7.423076530466119,40.854084,0.82750267,2.372766,6.022808
2024-10-04,-0.9975590477788613,0.06982797572987089,-1.3969958973539178,76.91408,1.1893274,2.206235,8.686607
2024-10-11,-0.981947190186646,0.18915526872004093,7.647963057677487,60.617523,1.0290194,1.6241025,7.8022947
2024-10-18,-0.9521140536681102,0.3057430764672831,-7.888293748039075,59.16294,0.8472143,1.5354583,6.95888
2024-10-25,-0.9084917035725082,0.41790288888678667,,64.853806,1.1932629,1.5282099,10.7994585
2024-11-01,-0.8517119107469189,0.5240103253675756,,53.250324,0.7548103,1.4138374,7.5042853
2024-11-08,-0.7825970017677834,0.6225286602431057,1.5547946857088562,45.339474,1.1037661,1.7990296,6.824172
2024-11-15,-0.7021479494046978,0.712031078778713,,62.157784,0.7502786,1.0813829,7.049763
2024-11-22,-0.6115298757991053,0.7912213413483807,,68.872154,1.1392317,1.4524248,7.484725
2024-11-29,-0.5120551783114646,0.8589525565270845,,67.49883,1.3010699,1.7189177,8.869414
2024-12-06,-0.4051645224207563,0.9142437912130223,8.42301198982588,67.5,1.3379124,1.9605746,8.65298
2024-12-13,-0.29240597695107734,0.9562942772197719,,68.05104,0.7680036,1.3891308,7.1281767
2024-12-20,-0.17541259380427843,0.9844950085880858,,67.33304,1.0615747,1.5478873,8.067314
2024-12-27,-0.05587875690537313,0.9984375616565666,-1.9807473104643236,58.96531,0.830021,1.4549834,7.73081
2025-01-03,0.051584366869408364,0.9986686402879997,,69.128654,0.6094046,1.0997934,5.455536
